ID,YR,PD,QTR,CATG_CD,PLAN_TO_NM,SALES_ORG,SALES_RPTG_CHNL_NM,SALES_RPTG_SUBCHNL_NM,SALES_RPTG_RETL_ENV_NM,VOL_NKG_QTY,GSV,NSV,COGS_DIR_CHRG_VAL,GROSS_PRFT_VAL,NSV_USD,GROSS_PRFT_VAL_USD,USD_RATE,SALES_REF_KEY
401,2023,P11,Q4,SNACKS,WOOLWORTHS_GROUP,EUROPE,WHOLESALE,DISTRIBUTORS,VALUE,36342.0,564424.0,422619.0,219762.0,202857.0,392148.0,188231.0,0.9279,2023_P11_SNACKS_WOOLWORTHS_GROUP_EUROPE_WHOLESALE_DISTRIBUTORS_VALUE
402,2023,P12,Q4,SNACKS,Target,North Region,Modern Trade,Hypermarket,In-store,4133.48,7923.36,6446.45,3400.59,3045.86,76.71,36.25,0.0119,2023_P12_SNACKS_Target_North Region_Modern Trade_Hypermarket_In-store
403,2023,P12,Q4,DAIRY,Target,East Region,E-commerce,Direct to Consumer,Online,2969.3,5206.72,4583.96,2548.99,2034.97,63.26,28.08,0.0138,2023_P12_DAIRY_Target_East Region_E-commerce_Direct to Consumer_Online
404,2023,P12,Q4,BEVERAGES,Amazon,North Region,General Trade,Local Shops,Online,1597.95,3161.4,2619.6,1894.0,725.6,35.36,9.8,0.0135,2023_P12_BEVERAGES_Amazon_North Region_General Trade_Local Shops_Online
405,2023,P12,Q4,DAIRY,Amazon,East Region,E-commerce,Direct to Consumer,Online,4505.02,6624.16,5465.7,2861.27,2604.43,72.69,34.64,0.0133,2023_P12_DAIRY_Amazon_East Region_E-commerce_Direct to Consumer_Online
406,2023,P12,Q4,BAKERY,Costco,East Region,Modern Trade,Supermarket,Online,1028.87,1769.01,1590.71,1027.35,563.36,23.54,8.34,0.0148,2023_P12_BAKERY_Costco_East Region_Modern Trade_Supermarket_Online
407,2023,P12,Q4,SNACKS,Kroger,West Region,General Trade,Local Shops,Online,1182.54,1713.95,1370.64,940.24,430.4,15.21,4.78,0.0111,2023_P12_SNACKS_Kroger_West Region_General Trade_Local Shops_Online
408,2023,P12,Q4,DAIRY,COSTCO_WHOLESALE,NORTH_AMERICA,RETAIL,SPECIALTY_STORES,SUBURBAN,54606.0,851542.0,746426.0,485177.0,261249.0,702536.0,245888.0,0.9412,2023_P12_DAIRY_COSTCO_WHOLESALE_NORTH_AMERICA_RETAIL_SPECIALTY_STORES_SUBURBAN
409,2023,P12,Q4,BAKERY,SEVEN_ELEVEN,LATIN_AMERICA,WHOLESALE,CASH_CARRY,URBAN,30164.0,335291.0,292076.0,160642.0,131434.0,291609.0,131224.0,0.9984,2023_P12_BAKERY_SEVEN_ELEVEN_LATIN_AMERICA_WHOLESALE_CASH_CARRY_URBAN
410,2023,P12,Q4,CONFECTIONERY,CARREFOUR_SA,ASIA_PACIFIC,FOODSERVICE,RESTAURANTS,URBAN,51277.0,326143.0,290008.0,139204.0,150804.0,273942.0,142449.0,0.9446,2023_P12_CONFECTIONERY_CARREFOUR_SA_ASIA_PACIFIC_FOODSERVICE_RESTAURANTS_URBAN
411,2023,P12,Q4,BAKERY,LIDL_STIFTUNG,MIDDLE_EAST_AFRICA,WHOLESALE,CASH_CARRY,PREMIUM,48046.0,482369.0,424472.0,233460.0,191012.0,452275.0,203523.0,1.0655,2023_P12_BAKERY_LIDL_STIFTUNG_MIDDLE_EAST_AFRICA_WHOLESALE_CASH_CARRY_PREMIUM
412,2023,P12,Q4,BEVERAGES,COSTCO_WHOLESALE,MIDDLE_EAST_AFRICA,WHOLESALE,CASH_CARRY,RURAL,25303.0,125769.0,105810.0,61370.0,44440.0,107767.0,45262.0,1.0185,2023_P12_BEVERAGES_COSTCO_WHOLESALE_MIDDLE_EAST_AFRICA_WHOLESALE_CASH_CARRY_RURAL
413,2023,P12,Q4,SNACKS,COSTCO_WHOLESALE,EUROPE,E-COMMERCE,DIRECT_TO_CONSUMER,RURAL,46193.0,360045.0,298711.0,155330.0,143381.0,319203.0,153217.0,1.0686,2023_P12_SNACKS_COSTCO_WHOLESALE_EUROPE_E-COMMERCE_DIRECT_TO_CONSUMER_RURAL
414,2023,P12,Q4,BEVERAGES,TESCO_PLC,EUROPE,CONVENIENCE,AIRPORT_RETAIL,SUBURBAN,22362.0,163988.0,136888.0,79395.0,57493.0,125444.0,52687.0,0.9164,2023_P12_BEVERAGES_TESCO_PLC_EUROPE_CONVENIENCE_AIRPORT_RETAIL_SUBURBAN
415,2023,P12,Q4,CONFECTIONERY,AMAZON_RETAIL,LATIN_AMERICA,WHOLESALE,CASH_CARRY,VALUE,30810.0,490079.0,365915.0,175639.0,190276.0,335288.0,174350.0,0.9163,2023_P12_CONFECTIONERY_AMAZON_RETAIL_LATIN_AMERICA_WHOLESALE_CASH_CARRY_VALUE
416,2023,P12,Q4,SNACKS,LAWSON_INC,MIDDLE_EAST_AFRICA,FOODSERVICE,HOTELS,URBAN,19475.0,157894.0,117534.0,61118.0,56416.0,119238.0,57234.0,1.0145,2023_P12_SNACKS_LAWSON_INC_MIDDLE_EAST_AFRICA_FOODSERVICE_HOTELS_URBAN
417,2023,P12,Q4,SNACKS,KROGER_CO,EUROPE,CONVENIENCE,AIRPORT_RETAIL,PREMIUM,49082.0,389032.0,304541.0,158361.0,146180.0,326529.0,156734.0,1.0722,2023_P12_SNACKS_KROGER_CO_EUROPE_CONVENIENCE_AIRPORT_RETAIL_PREMIUM
418,2023,P12,Q4,DAIRY,TESCO_PLC,ASIA_PACIFIC,FOODSERVICE,HOTELS,SUBURBAN,38003.0,465249.0,372933.0,242406.0,130527.0,393519.0,137732.0,1.0552,2023_P12_DAIRY_TESCO_PLC_ASIA_PACIFIC_FOODSERVICE_HOTELS_SUBURBAN
419,2023,P12,Q4,BAKERY,ALDI_GROUP,LATIN_AMERICA,FOODSERVICE,HOTELS,PREMIUM,42529.0,376516.0,299013.0,164457.0,134556.0,310884.0,139898.0,1.0397,2023_P12_BAKERY_ALDI_GROUP_LATIN_AMERICA_FOODSERVICE_HOTELS_PREMIUM
420,2023,P12,Q4,BAKERY,TARGET_CORP,MIDDLE_EAST_AFRICA,FOODSERVICE,HOTELS,URBAN,35394.0,445898.0,349707.0,192339.0,157368.0,324563.0,146053.0,0.9281,2023_P12_BAKERY_TARGET_CORP_MIDDLE_EAST_AFRICA_FOODSERVICE_HOTELS_URBAN
421,2023,P12,Q4,BAKERY,WALMART_INC,EUROPE,RETAIL,HYPERMARKETS,SUBURBAN,52809.0,690699.0,611968.0,336582.0,275386.0,575066.0,258780.0,0.9397,2023_P12_BAKERY_WALMART_INC_EUROPE_RETAIL_HYPERMARKETS_SUBURBAN
422,2024,P01,Q1,BEVERAGES,Kroger,East Region,General Trade,Local Shops,In-store,1325.32,1912.96,1635.49,994.36,641.13,19.95,7.82,0.0122,2024_P01_BEVERAGES_Kroger_East Region_General Trade_Local Shops_In-store
423,2024,P01,Q1,BAKERY,Amazon,North Region,General Trade,Local Shops,Hybrid,4033.29,5484.22,4677.2,3031.31,1645.89,52.38,18.43,0.0112,2024_P01_BAKERY_Amazon_North Region_General Trade_Local Shops_Hybrid
424,2024,P01,Q1,DAIRY,Amazon,South Region,E-commerce,Online Marketplace,Hybrid,1963.32,3501.94,3072.99,2218.09,854.9,39.64,11.03,0.0129,2024_P01_DAIRY_Amazon_South Region_E-commerce_Online Marketplace_Hybrid
425,2024,P01,Q1,SNACKS,Amazon,West Region,General Trade,Wholesalers,Online,3833.46,6737.74,5999.94,3539.2,2460.74,73.2,30.02,0.0122,2024_P01_SNACKS_Amazon_West Region_General Trade_Wholesalers_Online
426,2024,P01,Q1,BAKERY,Costco,North Region,E-commerce,Online Marketplace,Hybrid,1187.87,1659.18,1297.7,709.38,588.32,15.7,7.12,0.0121,2024_P01_BAKERY_Costco_North Region_E-commerce_Online Marketplace_Hybrid
427,2024,P01,Q1,BEVERAGES,Costco,North Region,Modern Trade,Hypermarket,Hybrid,4073.11,6908.23,5918.23,4281.68,1636.55,84.04,23.24,0.0142,2024_P01_BEVERAGES_Costco_North Region_Modern Trade_Hypermarket_Hybrid
428,2024,P01,Q1,BEVERAGES,Costco,East Region,General Trade,Wholesalers,In-store,4112.84,4950.65,4043.2,2424.07,1619.13,52.97,21.21,0.0131,2024_P01_BEVERAGES_Costco_East Region_General Trade_Wholesalers_In-store
429,2024,P01,Q1,DAIRY,Costco,South Region,Modern Trade,Hypermarket,Online,2224.12,3592.25,2727.93,1477.37,1250.56,38.19,17.51,0.014,2024_P01_DAIRY_Costco_South Region_Modern Trade_Hypermarket_Online
430,2024,P01,Q1,CONFECTIONERY,TESCO_PLC,LATIN_AMERICA,RETAIL,SPECIALTY_STORES,SUBURBAN,16517.0,102445.0,86159.0,41356.0,44803.0,84522.0,43952.0,0.981,2024_P01_CONFECTIONERY_TESCO_PLC_LATIN_AMERICA_RETAIL_SPECIALTY_STORES_SUBURBAN
431,2024,P01,Q1,SNACKS,WOOLWORTHS_GROUP,LATIN_AMERICA,WHOLESALE,DISTRIBUTORS,SUBURBAN,47186.0,492794.0,361002.0,187721.0,173281.0,395333.0,189760.0,1.0951,2024_P01_SNACKS_WOOLWORTHS_GROUP_LATIN_AMERICA_WHOLESALE_DISTRIBUTORS_SUBURBAN
432,2024,P01,Q1,CONFECTIONERY,AMAZON_RETAIL,ASIA_PACIFIC,RETAIL,HYPERMARKETS,SUBURBAN,35801.0,537243.0,442717.0,212504.0,230213.0,474017.0,246489.0,1.0707,2024_P01_CONFECTIONERY_AMAZON_RETAIL_ASIA_PACIFIC_RETAIL_HYPERMARKETS_SUBURBAN
433,2024,P01,Q1,BEVERAGES,WOOLWORTHS_GROUP,NORTH_AMERICA,E-COMMERCE,MOBILE_APP,SUBURBAN,26103.0,304240.0,273456.0,158604.0,114852.0,284886.0,119653.0,1.0418,2024_P01_BEVERAGES_WOOLWORTHS_GROUP_NORTH_AMERICA_E-COMMERCE_MOBILE_APP_SUBURBAN
434,2024,P01,Q1,BEVERAGES,TESCO_PLC,LATIN_AMERICA,WHOLESALE,BULK_SALES,VALUE,36584.0,378992.0,300249.0,174144.0,126105.0,301900.0,126799.0,1.0055,2024_P01_BEVERAGES_TESCO_PLC_LATIN_AMERICA_WHOLESALE_BULK_SALES_VALUE
435,2024,P01,Q1,BEVERAGES,AEON_CO_LTD,LATIN_AMERICA,FOODSERVICE,RESTAURANTS,RURAL,52397.0,241975.0,213826.0,124019.0,89807.0,226634.0,95186.0,1.0599,2024_P01_BEVERAGES_AEON_CO_LTD_LATIN_AMERICA_FOODSERVICE_RESTAURANTS_RURAL
436,2024,P01,Q1,SNACKS,CARREFOUR_SA,LATIN_AMERICA,WHOLESALE,CASH_CARRY,SUBURBAN,40374.0,508889.0,428191.0,222659.0,205532.0,430118.0,206457.0,1.0045,2024_P01_SNACKS_CARREFOUR_SA_LATIN_AMERICA_WHOLESALE_CASH_CARRY_SUBURBAN
437,2024,P01,Q1,BAKERY,ALDI_GROUP,ASIA_PACIFIC,CONVENIENCE,GAS_STATIONS,SUBURBAN,24543.0,329404.0,266837.0,146760.0,120077.0,277164.0,124724.0,1.0387,2024_P01_BAKERY_ALDI_GROUP_ASIA_PACIFIC_CONVENIENCE_GAS_STATIONS_SUBURBAN
438,2024,P01,Q1,SNACKS,TARGET_CORP,LATIN_AMERICA,FOODSERVICE,CAFES,RURAL,40487.0,544030.0,480025.0,249613.0,230412.0,519387.0,249306.0,1.082,2024_P01_SNACKS_TARGET_CORP_LATIN_AMERICA_FOODSERVICE_CAFES_RURAL
439,2024,P01,Q1,FROZEN,LAWSON_INC,MIDDLE_EAST_AFRICA,RETAIL,DISCOUNT_STORES,RURAL,31671.0,464345.0,417819.0,259048.0,158771.0,414727.0,157596.0,0.9926,2024_P01_FROZEN_LAWSON_INC_MIDDLE_EAST_AFRICA_RETAIL_DISCOUNT_STORES_RURAL
440,2024,P01,Q1,DAIRY,COSTCO_WHOLESALE,LATIN_AMERICA,RETAIL,DISCOUNT_STORES,PREMIUM,32129.0,320045.0,245719.0,159717.0,86002.0,239601.0,83861.0,0.9751,2024_P01_DAIRY_COSTCO_WHOLESALE_LATIN_AMERICA_RETAIL_DISCOUNT_STORES_PREMIUM
441,2024,P01,Q1,DAIRY,WALMART_INC,LATIN_AMERICA,WHOLESALE,BULK_SALES,VALUE,37911.0,212456.0,176123.0,114480.0,61643.0,171385.0,59985.0,0.9731,2024_P01_DAIRY_WALMART_INC_LATIN_AMERICA_WHOLESALE_BULK_SALES_VALUE
442,2024,P01,Q1,SNACKS,TESCO_PLC,ASIA_PACIFIC,RETAIL,SPECIALTY_STORES,URBAN,42902.0,526729.0,401726.0,208898.0,192828.0,438725.0,210587.0,1.0921,2024_P01_SNACKS_TESCO_PLC_ASIA_PACIFIC_RETAIL_SPECIALTY_STORES_URBAN
443,2024,P01,Q1,FROZEN,COSTCO_WHOLESALE,LATIN_AMERICA,E-COMMERCE,ONLINE_MARKETPLACE,VALUE,18582.0,184570.0,138492.0,85865.0,52627.0,133714.0,50811.0,0.9655,2024_P01_FROZEN_COSTCO_WHOLESALE_LATIN_AMERICA_E-COMMERCE_ONLINE_MARKETPLACE_VALUE
444,2024,P02,Q1,SNACKS,Kroger,North Region,General Trade,Wholesalers,Hybrid,3253.34,4267.06,3449.61,2040.76,1408.85,44.16,18.03,0.0128,2024_P02_SNACKS_Kroger_North Region_General Trade_Wholesalers_Hybrid
445,2024,P02,Q1,BEVERAGES,Target,South Region,E-commerce,Direct to Consumer,In-store,4831.01,6770.3,5751.03,3308.11,2442.92,69.59,29.56,0.0121,2024_P02_BEVERAGES_Target_South Region_E-commerce_Direct to Consumer_In-store
446,2024,P02,Q1,BEVERAGES,Costco,East Region,Modern Trade,Hypermarket,Hybrid,2071.44,3688.75,3428.41,2474.53,953.88,48.34,13.45,0.0141,2024_P02_BEVERAGES_Costco_East Region_Modern Trade_Hypermarket_Hybrid
447,2024,P02,Q1,SNACKS,Amazon,South Region,General Trade,Wholesalers,Hybrid,541.39,693.62,612.26,306.9,305.36,7.1,3.54,0.0116,2024_P02_SNACKS_Amazon_South Region_General Trade_Wholesalers_Hybrid
448,2024,P02,Q1,DAIRY,Walmart,West Region,General Trade,Local Shops,Online,1936.91,3796.44,3569.11,2296.22,1272.89,48.18,17.18,0.0135,2024_P02_DAIRY_Walmart_West Region_General Trade_Local Shops_Online
449,2024,P02,Q1,SNACKS,Kroger,West Region,Modern Trade,Supermarket,In-store,3332.29,5853.5,4922.26,3233.38,1688.88,65.47,22.46,0.0133,2024_P02_SNACKS_Kroger_West Region_Modern Trade_Supermarket_In-store
450,2024,P02,Q1,BEVERAGES,Costco,South Region,General Trade,Local Shops,Hybrid,3260.37,5003.35,4685.87,3357.5,1328.37,52.48,14.88,0.0112,2024_P02_BEVERAGES_Costco_South Region_General Trade_Local Shops_Hybrid
451,2024,P02,Q1,BEVERAGES,Kroger,East Region,E-commerce,Direct to Consumer,Online,4772.84,6288.97,5882.18,3664.77,2217.41,70.59,26.61,0.012,2024_P02_BEVERAGES_Kroger_East Region_E-commerce_Direct to Consumer_Online
452,2024,P02,Q1,BAKERY,Walmart,West Region,Modern Trade,Supermarket,Online,676.9,1245.18,1090.25,567.41,522.84,15.81,7.58,0.0145,2024_P02_BAKERY_Walmart_West Region_Modern Trade_Supermarket_Online
453,2024,P02,Q1,DAIRY,Amazon,East Region,Modern Trade,Hypermarket,Online,1239.2,2294.58,2026.2,1278.06,748.14,25.12,9.28,0.0124,2024_P02_DAIRY_Amazon_East Region_Modern Trade_Hypermarket_Online
454,2024,P02,Q1,SNACKS,Walmart,North Region,General Trade,Local Shops,Hybrid,4424.56,8608.84,7429.66,5008.8,2420.86,109.22,35.59,0.0147,2024_P02_SNACKS_Walmart_North Region_General Trade_Local Shops_Hybrid
455,2024,P02,Q1,DAIRY,Amazon,South Region,General Trade,Local Shops,Hybrid,2834.77,4742.63,3935.44,2021.6,1913.84,48.41,23.54,0.0123,2024_P02_DAIRY_Amazon_South Region_General Trade_Local Shops_Hybrid
456,2024,P02,Q1,BAKERY,Walmart,West Region,Modern Trade,Hypermarket,In-store,3018.38,3996.92,3143.12,2248.73,894.39,46.52,13.24,0.0148,2024_P02_BAKERY_Walmart_West Region_Modern Trade_Hypermarket_In-store
457,2024,P02,Q1,BAKERY,Walmart,South Region,General Trade,Wholesalers,Hybrid,1539.84,2675.49,2017.16,1061.08,956.08,28.64,13.58,0.0142,2024_P02_BAKERY_Walmart_South Region_General Trade_Wholesalers_Hybrid
458,2024,P02,Q1,FROZEN,CARREFOUR_SA,EUROPE,FOODSERVICE,CAFES,RURAL,38398.0,346674.0,259248.0,160734.0,98514.0,264044.0,100337.0,1.0185,2024_P02_FROZEN_CARREFOUR_SA_EUROPE_FOODSERVICE_CAFES_RURAL
459,2024,P02,Q1,DAIRY,TARGET_CORP,LATIN_AMERICA,FOODSERVICE,RESTAURANTS,URBAN,48594.0,236025.0,192635.0,125213.0,67422.0,189842.0,66444.0,0.9855,2024_P02_DAIRY_TARGET_CORP_LATIN_AMERICA_FOODSERVICE_RESTAURANTS_URBAN
460,2024,P02,Q1,CONFECTIONERY,KROGER_CO,NORTH_AMERICA,CONVENIENCE,AIRPORT_RETAIL,URBAN,51516.0,405553.0,351231.0,168591.0,182640.0,346244.0,180047.0,0.9858,2024_P02_CONFECTIONERY_KROGER_CO_NORTH_AMERICA_CONVENIENCE_AIRPORT_RETAIL_URBAN
461,2024,P02,Q1,DAIRY,AMAZON_RETAIL,ASIA_PACIFIC,CONVENIENCE,VENDING,VALUE,49866.0,271949.0,198199.0,128829.0,69370.0,193303.0,67657.0,0.9753,2024_P02_DAIRY_AMAZON_RETAIL_ASIA_PACIFIC_CONVENIENCE_VENDING_VALUE
462,2024,P02,Q1,DAIRY,METRO_AG,LATIN_AMERICA,RETAIL,SPECIALTY_STORES,URBAN,47296.0,629480.0,534577.0,347475.0,187102.0,532332.0,186316.0,0.9958,2024_P02_DAIRY_METRO_AG_LATIN_AMERICA_RETAIL_SPECIALTY_STORES_URBAN
463,2024,P02,Q1,DAIRY,AMAZON_RETAIL,EUROPE,WHOLESALE,CASH_CARRY,VALUE,25673.0,185465.0,138484.0,90015.0,48469.0,150504.0,52676.0,1.0868,2024_P02_DAIRY_AMAZON_RETAIL_EUROPE_WHOLESALE_CASH_CARRY_VALUE
464,2024,P02,Q1,DAIRY,ALDI_GROUP,ASIA_PACIFIC,CONVENIENCE,VENDING,VALUE,42139.0,304229.0,223643.0,145368.0,78275.0,231448.0,81007.0,1.0349,2024_P02_DAIRY_ALDI_GROUP_ASIA_PACIFIC_CONVENIENCE_VENDING_VALUE
465,2024,P02,Q1,FROZEN,SEVEN_ELEVEN,EUROPE,E-COMMERCE,DIRECT_TO_CONSUMER,PREMIUM,25679.0,265022.0,193275.0,119831.0,73444.0,206379.0,78424.0,1.0678,2024_P02_FROZEN_SEVEN_ELEVEN_EUROPE_E-COMMERCE_DIRECT_TO_CONSUMER_PREMIUM
466,2024,P02,Q1,BAKERY,FAMILY_MART,LATIN_AMERICA,RETAIL,SPECIALTY_STORES,URBAN,18192.0,130698.0,95381.0,52460.0,42921.0,104805.0,47162.0,1.0988,2024_P02_BAKERY_FAMILY_MART_LATIN_AMERICA_RETAIL_SPECIALTY_STORES_URBAN
467,2024,P02,Q1,SNACKS,WOOLWORTHS_GROUP,ASIA_PACIFIC,CONVENIENCE,GAS_STATIONS,VALUE,48078.0,549644.0,420086.0,218445.0,201641.0,424791.0,203899.0,1.0112,2024_P02_SNACKS_WOOLWORTHS_GROUP_ASIA_PACIFIC_CONVENIENCE_GAS_STATIONS_VALUE
468,2024,P02,Q1,CONFECTIONERY,LAWSON_INC,EUROPE,E-COMMERCE,ONLINE_MARKETPLACE,PREMIUM,42286.0,669679.0,531285.0,255017.0,276268.0,570600.0,296712.0,1.074,2024_P02_CONFECTIONERY_LAWSON_INC_EUROPE_E-COMMERCE_ONLINE_MARKETPLACE_PREMIUM
469,2024,P02,Q1,SNACKS,SEVEN_ELEVEN,EUROPE,E-COMMERCE,MOBILE_APP,URBAN,39400.0,193688.0,167757.0,87234.0,80523.0,175524.0,84251.0,1.0463,2024_P02_SNACKS_SEVEN_ELEVEN_EUROPE_E-COMMERCE_MOBILE_APP_URBAN
470,2024,P02,Q1,BEVERAGES,TARGET_CORP,ASIA_PACIFIC,CONVENIENCE,AIRPORT_RETAIL,SUBURBAN,28341.0,291408.0,224226.0,130051.0,94175.0,240236.0,100899.0,1.0714,2024_P02_BEVERAGES_TARGET_CORP_ASIA_PACIFIC_CONVENIENCE_AIRPORT_RETAIL_SUBURBAN
471,2024,P02,Q1,CONFECTIONERY,CARREFOUR_SA,NORTH_AMERICA,FOODSERVICE,RESTAURANTS,VALUE,24629.0,208425.0,174069.0,83553.0,90516.0,172102.0,89493.0,0.9887,2024_P02_CONFECTIONERY_CARREFOUR_SA_NORTH_AMERICA_FOODSERVICE_RESTAURANTS_VALUE
472,2024,P03,Q1,DAIRY,Costco,South Region,E-commerce,Direct to Consumer,Hybrid,1049.17,1674.62,1267.48,921.88,345.6,15.21,4.15,0.012,2024_P03_DAIRY_Costco_South Region_E-commerce_Direct to Consumer_Hybrid
473,2024,P03,Q1,DAIRY,Target,South Region,E-commerce,Direct to Consumer,Hybrid,2249.05,3187.08,2918.56,1719.58,1198.98,35.31,14.51,0.0121,2024_P03_DAIRY_Target_South Region_E-commerce_Direct to Consumer_Hybrid
474,2024,P03,Q1,DAIRY,Kroger,South Region,Modern Trade,Hypermarket,Hybrid,665.99,1123.96,955.97,490.29,465.68,11.57,5.63,0.0121,2024_P03_DAIRY_Kroger_South Region_Modern Trade_Hypermarket_Hybrid
475,2024,P03,Q1,BAKERY,Amazon,West Region,E-commerce,Online Marketplace,In-store,3459.26,5723.85,4400.12,2604.56,1795.56,53.24,21.73,0.0121,2024_P03_BAKERY_Amazon_West Region_E-commerce_Online Marketplace_In-store
476,2024,P03,Q1,BAKERY,Amazon,East Region,General Trade,Wholesalers,Hybrid,3820.54,6278.99,5477.44,3313.3,2164.14,65.73,25.97,0.012,2024_P03_BAKERY_Amazon_East Region_General Trade_Wholesalers_Hybrid
477,2024,P03,Q1,BAKERY,Kroger,East Region,Modern Trade,Hypermarket,Hybrid,2101.88,3796.58,2858.36,1512.12,1346.24,32.01,15.08,0.0112,2024_P03_BAKERY_Kroger_East Region_Modern Trade_Hypermarket_Hybrid
478,2024,P03,Q1,BAKERY,Target,East Region,General Trade,Wholesalers,Online,1143.46,2068.76,1807.36,949.37,857.99,20.42,9.7,0.0113,2024_P03_BAKERY_Target_East Region_General Trade_Wholesalers_Online
479,2024,P03,Q1,SNACKS,Walmart,South Region,Modern Trade,Hypermarket,In-store,1026.04,2002.69,1753.44,1023.53,729.91,20.34,8.47,0.0116,2024_P03_SNACKS_Walmart_South Region_Modern Trade_Hypermarket_In-store
480,2024,P03,Q1,SNACKS,Amazon,East Region,E-commerce,Online Marketplace,Online,3682.57,4868.47,4212.48,2745.18,1467.3,53.5,18.63,0.0127,2024_P03_SNACKS_Amazon_East Region_E-commerce_Online Marketplace_Online
481,2024,P03,Q1,BAKERY,Walmart,West Region,General Trade,Wholesalers,Online,4517.02,8374.35,6853.26,3871.1,2982.16,85.67,37.28,0.0125,2024_P03_BAKERY_Walmart_West Region_General Trade_Wholesalers_Online
482,2024,P03,Q1,BEVERAGES,Amazon,South Region,General Trade,Local Shops,Hybrid,2729.71,4778.96,3999.82,2246.3,1753.52,57.2,25.08,0.0143,2024_P03_BEVERAGES_Amazon_South Region_General Trade_Local Shops_Hybrid
483,2024,P03,Q1,DAIRY,METRO_AG,ASIA_PACIFIC,WHOLESALE,DISTRIBUTORS,VALUE,54231.0,713360.0,587163.0,381656.0,205507.0,601137.0,210398.0,1.0238,2024_P03_DAIRY_METRO_AG_ASIA_PACIFIC_WHOLESALE_DISTRIBUTORS_VALUE
484,2024,P03,Q1,DAIRY,LAWSON_INC,EUROPE,CONVENIENCE,AIRPORT_RETAIL,RURAL,32526.0,463151.0,348650.0,226623.0,122027.0,356808.0,124882.0,1.0234,2024_P03_DAIRY_LAWSON_INC_EUROPE_CONVENIENCE_AIRPORT_RETAIL_RURAL
485,2024,P03,Q1,FROZEN,AEON_CO_LTD,ASIA_PACIFIC,WHOLESALE,DISTRIBUTORS,RURAL,42156.0,519268.0,458340.0,284171.0,174169.0,494136.0,187772.0,1.0781,2024_P03_FROZEN_AEON_CO_LTD_ASIA_PACIFIC_WHOLESALE_DISTRIBUTORS_RURAL
486,2024,P03,Q1,BAKERY,ALDI_GROUP,MIDDLE_EAST_AFRICA,CONVENIENCE,VENDING,VALUE,22030.0,170731.0,141164.0,77640.0,63524.0,139188.0,62635.0,0.986,2024_P03_BAKERY_ALDI_GROUP_MIDDLE_EAST_AFRICA_CONVENIENCE_VENDING_VALUE
487,2024,P03,Q1,CONFECTIONERY,AEON_CO_LTD,LATIN_AMERICA,RETAIL,DISCOUNT_STORES,VALUE,35500.0,203200.0,168208.0,80740.0,87468.0,177157.0,92121.0,1.0532,2024_P03_CONFECTIONERY_AEON_CO_LTD_LATIN_AMERICA_RETAIL_DISCOUNT_STORES_VALUE
488,2024,P03,Q1,FROZEN,WOOLWORTHS_GROUP,LATIN_AMERICA,FOODSERVICE,HOTELS,VALUE,29735.0,240059.0,188972.0,117163.0,71809.0,211365.0,80318.0,1.1185,2024_P03_FROZEN_WOOLWORTHS_GROUP_LATIN_AMERICA_FOODSERVICE_HOTELS_VALUE
489,2024,P03,Q1,FROZEN,SEVEN_ELEVEN,EUROPE,E-COMMERCE,ONLINE_MARKETPLACE,VALUE,20911.0,132085.0,97374.0,60372.0,37002.0,103353.0,39274.0,1.0614,2024_P03_FROZEN_SEVEN_ELEVEN_EUROPE_E-COMMERCE_ONLINE_MARKETPLACE_VALUE
490,2024,P03,Q1,BAKERY,FAMILY_MART,EUROPE,WHOLESALE,BULK_SALES,RURAL,21818.0,193858.0,165051.0,90778.0,74273.0,168946.0,76026.0,1.0236,2024_P03_BAKERY_FAMILY_MART_EUROPE_WHOLESALE_BULK_SALES_RURAL
491,2024,P03,Q1,BEVERAGES,WALMART_INC,LATIN_AMERICA,FOODSERVICE,RESTAURANTS,PREMIUM,49360.0,585358.0,432205.0,250679.0,181526.0,441065.0,185247.0,1.0205,2024_P03_BEVERAGES_WALMART_INC_LATIN_AMERICA_FOODSERVICE_RESTAURANTS_PREMIUM
492,2024,P03,Q1,BEVERAGES,LIDL_STIFTUNG,EUROPE,FOODSERVICE,CATERING,VALUE,39281.0,326309.0,241603.0,140130.0,101473.0,275137.0,115557.0,1.1388,2024_P03_BEVERAGES_LIDL_STIFTUNG_EUROPE_FOODSERVICE_CATERING_VALUE
493,2024,P03,Q1,FROZEN,AEON_CO_LTD,LATIN_AMERICA,RETAIL,SPECIALTY_STORES,VALUE,29039.0,436005.0,333165.0,206562.0,126603.0,362783.0,137858.0,1.0889,2024_P03_FROZEN_AEON_CO_LTD_LATIN_AMERICA_RETAIL_SPECIALTY_STORES_VALUE
494,2024,P03,Q1,BEVERAGES,FAMILY_MART,EUROPE,FOODSERVICE,RESTAURANTS,PREMIUM,43206.0,465247.0,374746.0,217353.0,157393.0,380142.0,159659.0,1.0144,2024_P03_BEVERAGES_FAMILY_MART_EUROPE_FOODSERVICE_RESTAURANTS_PREMIUM
495,2024,P03,Q1,BEVERAGES,LAWSON_INC,LATIN_AMERICA,CONVENIENCE,VENDING,SUBURBAN,25911.0,229872.0,185984.0,107871.0,78113.0,189239.0,79480.0,1.0175,2024_P03_BEVERAGES_LAWSON_INC_LATIN_AMERICA_CONVENIENCE_VENDING_SUBURBAN
496,2024,P03,Q1,BAKERY,LIDL_STIFTUNG,ASIA_PACIFIC,E-COMMERCE,ONLINE_MARKETPLACE,VALUE,32453.0,499273.0,376032.0,206818.0,169214.0,386749.0,174037.0,1.0285,2024_P03_BAKERY_LIDL_STIFTUNG_ASIA_PACIFIC_E-COMMERCE_ONLINE_MARKETPLACE_VALUE
497,2024,P04,Q2,BAKERY,Walmart,South Region,General Trade,Local Shops,Online,1589.25,2761.65,2491.9,1393.99,1097.91,34.64,15.26,0.0139,2024_P04_BAKERY_Walmart_South Region_General Trade_Local Shops_Online
498,2024,P04,Q2,BAKERY,Amazon,East Region,General Trade,Wholesalers,Online,2850.09,5175.75,4105.22,2691.89,1413.33,46.39,15.97,0.0113,2024_P04_BAKERY_Amazon_East Region_General Trade_Wholesalers_Online
499,2024,P04,Q2,BEVERAGES,Amazon,West Region,Modern Trade,Supermarket,In-store,2971.52,5264.57,4643.56,2646.75,1996.81,68.72,29.55,0.0148,2024_P04_BEVERAGES_Amazon_West Region_Modern Trade_Supermarket_In-store
500,2024,P04,Q2,BAKERY,Target,East Region,E-commerce,Direct to Consumer,Online,4762.62,9471.9,8531.11,5068.03,3463.08,96.4,39.13,0.0113,2024_P04_BAKERY_Target_East Region_E-commerce_Direct to Consumer_Online
501,2024,P04,Q2,BEVERAGES,Amazon,South Region,Modern Trade,Supermarket,Hybrid,2582.06,3721.01,3347.13,2094.23,1252.9,39.83,14.91,0.0119,2024_P04_BEVERAGES_Amazon_South Region_Modern Trade_Supermarket_Hybrid
502,2024,P04,Q2,BAKERY,Costco,West Region,General Trade,Wholesalers,Hybrid,4588.03,7646.93,6348.25,3907.36,2440.89,93.95,36.13,0.0148,2024_P04_BAKERY_Costco_West Region_General Trade_Wholesalers_Hybrid
503,2024,P04,Q2,SNACKS,Costco,West Region,Modern Trade,Hypermarket,Hybrid,2365.81,3000.51,2848.61,1781.94,1066.67,38.17,14.29,0.0134,2024_P04_SNACKS_Costco_West Region_Modern Trade_Hypermarket_Hybrid
504,2024,P04,Q2,DAIRY,Amazon,West Region,General Trade,Wholesalers,Online,2004.1,3640.91,2808.31,1456.91,1351.4,39.04,18.78,0.0139,2024_P04_DAIRY_Amazon_West Region_General Trade_Wholesalers_Online
505,2024,P04,Q2,BAKERY,WALMART_INC,ASIA_PACIFIC,RETAIL,DISCOUNT_STORES,VALUE,28918.0,337561.0,261865.0,144026.0,117839.0,266526.0,119937.0,1.0178,2024_P04_BAKERY_WALMART_INC_ASIA_PACIFIC_RETAIL_DISCOUNT_STORES_VALUE
506,2024,P04,Q2,BEVERAGES,KROGER_CO,NORTH_AMERICA,FOODSERVICE,HOTELS,RURAL,19439.0,248573.0,222046.0,128787.0,93259.0,239676.0,100664.0,1.0794,2024_P04_BEVERAGES_KROGER_CO_NORTH_AMERICA_FOODSERVICE_HOTELS_RURAL
507,2024,P04,Q2,CONFECTIONERY,FAMILY_MART,NORTH_AMERICA,WHOLESALE,CASH_CARRY,VALUE,19233.0,310246.0,233878.0,112261.0,121617.0,240380.0,124998.0,1.0278,2024_P04_CONFECTIONERY_FAMILY_MART_NORTH_AMERICA_WHOLESALE_CASH_CARRY_VALUE
508,2024,P04,Q2,SNACKS,WOOLWORTHS_GROUP,EUROPE,FOODSERVICE,CAFES,VALUE,37807.0,428871.0,334340.0,173857.0,160483.0,347847.0,166967.0,1.0404,2024_P04_SNACKS_WOOLWORTHS_GROUP_EUROPE_FOODSERVICE_CAFES_VALUE
509,2024,P04,Q2,BAKERY,LAWSON_INC,NORTH_AMERICA,FOODSERVICE,RESTAURANTS,URBAN,19101.0,202842.0,160024.0,88013.0,72011.0,163625.0,73631.0,1.0225,2024_P04_BAKERY_LAWSON_INC_NORTH_AMERICA_FOODSERVICE_RESTAURANTS_URBAN
510,2024,P04,Q2,FROZEN,AMAZON_RETAIL,LATIN_AMERICA,FOODSERVICE,HOTELS,SUBURBAN,26512.0,239152.0,205662.0,127510.0,78152.0,217796.0,82763.0,1.059,2024_P04_FROZEN_AMAZON_RETAIL_LATIN_AMERICA_FOODSERVICE_HOTELS_SUBURBAN
511,2024,P04,Q2,CONFECTIONERY,TARGET_CORP,LATIN_AMERICA,CONVENIENCE,VENDING,SUBURBAN,22235.0,258972.0,198192.0,95132.0,103060.0,199837.0,103915.0,1.0083,2024_P04_CONFECTIONERY_TARGET_CORP_LATIN_AMERICA_CONVENIENCE_VENDING_SUBURBAN
512,2024,P04,Q2,DAIRY,ALDI_GROUP,LATIN_AMERICA,WHOLESALE,BULK_SALES,URBAN,46982.0,476313.0,414503.0,269427.0,145076.0,456409.0,159743.0,1.1011,2024_P04_DAIRY_ALDI_GROUP_LATIN_AMERICA_WHOLESALE_BULK_SALES_URBAN
513,2024,P04,Q2,BAKERY,LIDL_STIFTUNG,EUROPE,FOODSERVICE,HOTELS,PREMIUM,30988.0,278111.0,208404.0,114622.0,93782.0,212780.0,95751.0,1.021,2024_P04_BAKERY_LIDL_STIFTUNG_EUROPE_FOODSERVICE_HOTELS_PREMIUM
514,2024,P04,Q2,BAKERY,WOOLWORTHS_GROUP,NORTH_AMERICA,WHOLESALE,BULK_SALES,PREMIUM,40965.0,230562.0,185525.0,102039.0,83486.0,187733.0,84479.0,1.0119,2024_P04_BAKERY_WOOLWORTHS_GROUP_NORTH_AMERICA_WHOLESALE_BULK_SALES_PREMIUM
515,2024,P04,Q2,DAIRY,WALMART_INC,MIDDLE_EAST_AFRICA,CONVENIENCE,VENDING,RURAL,29894.0,475956.0,373190.0,242574.0,130616.0,391738.0,137108.0,1.0497,2024_P04_DAIRY_WALMART_INC_MIDDLE_EAST_AFRICA_CONVENIENCE_VENDING_RURAL
516,2024,P04,Q2,FROZEN,COSTCO_WHOLESALE,ASIA_PACIFIC,FOODSERVICE,CATERING,URBAN,21447.0,238205.0,204258.0,126640.0,77618.0,220374.0,83742.0,1.0789,2024_P04_FROZEN_COSTCO_WHOLESALE_ASIA_PACIFIC_FOODSERVICE_CATERING_URBAN
517,2024,P04,Q2,CONFECTIONERY,CARREFOUR_SA,NORTH_AMERICA,RETAIL,SPECIALTY_STORES,PREMIUM,50467.0,510026.0,426548.0,204743.0,221805.0,421813.0,219343.0,0.9889,2024_P04_CONFECTIONERY_CARREFOUR_SA_NORTH_AMERICA_RETAIL_SPECIALTY_STORES_PREMIUM
518,2024,P04,Q2,SNACKS,ALDI_GROUP,MIDDLE_EAST_AFRICA,FOODSERVICE,RESTAURANTS,URBAN,29868.0,417852.0,313109.0,162817.0,150292.0,345140.0,165667.0,1.1023,2024_P04_SNACKS_ALDI_GROUP_MIDDLE_EAST_AFRICA_FOODSERVICE_RESTAURANTS_URBAN
519,2024,P05,Q2,SNACKS,Target,East Region,Modern Trade,Hypermarket,Online,4648.43,5907.2,4661.94,2383.68,2278.26,57.34,28.02,0.0123,2024_P05_SNACKS_Target_East Region_Modern Trade_Hypermarket_Online
520,2024,P05,Q2,SNACKS,Kroger,North Region,E-commerce,Online Marketplace,Online,1031.74,1813.17,1587.95,1142.32,445.63,22.07,6.19,0.0139,2024_P05_SNACKS_Kroger_North Region_E-commerce_Online Marketplace_Online
521,2024,P05,Q2,SNACKS,Target,East Region,E-commerce,Direct to Consumer,Hybrid,1231.78,2375.79,2172.68,1602.24,570.44,30.2,7.93,0.0139,2024_P05_SNACKS_Target_East Region_E-commerce_Direct to Consumer_Hybrid
522,2024,P05,Q2,BAKERY,Kroger,North Region,E-commerce,Online Marketplace,Online,2609.12,3996.8,3216.15,1653.4,1562.75,46.63,22.66,0.0145,2024_P05_BAKERY_Kroger_North Region_E-commerce_Online Marketplace_Online
523,2024,P05,Q2,BEVERAGES,Amazon,East Region,Modern Trade,Supermarket,Hybrid,1280.18,2454.63,1880.36,1186.75,693.61,23.69,8.74,0.0126,2024_P05_BEVERAGES_Amazon_East Region_Modern Trade_Supermarket_Hybrid
524,2024,P05,Q2,SNACKS,Costco,South Region,General Trade,Wholesalers,In-store,4288.23,5625.38,5113.77,2814.65,2299.12,59.83,26.9,0.0117,2024_P05_SNACKS_Costco_South Region_General Trade_Wholesalers_In-store
525,2024,P05,Q2,SNACKS,Walmart,West Region,General Trade,Local Shops,Online,2462.57,3535.2,3321.99,2295.17,1026.82,38.54,11.91,0.0116,2024_P05_SNACKS_Walmart_West Region_General Trade_Local Shops_Online
526,2024,P05,Q2,DAIRY,Amazon,South Region,General Trade,Local Shops,Hybrid,1733.25,2848.32,2507.33,1773.77,733.56,29.59,8.66,0.0118,2024_P05_DAIRY_Amazon_South Region_General Trade_Local Shops_Hybrid
527,2024,P05,Q2,BEVERAGES,AEON_CO_LTD,LATIN_AMERICA,CONVENIENCE,GAS_STATIONS,SUBURBAN,24514.0,275673.0,206510.0,119776.0,86734.0,229846.0,96535.0,1.113,2024_P05_BEVERAGES_AEON_CO_LTD_LATIN_AMERICA_CONVENIENCE_GAS_STATIONS_SUBURBAN
528,2024,P05,Q2,DAIRY,SEVEN_ELEVEN,LATIN_AMERICA,WHOLESALE,BULK_SALES,PREMIUM,41434.0,272882.0,231445.0,150439.0,81006.0,238249.0,83388.0,1.0294,2024_P05_DAIRY_SEVEN_ELEVEN_LATIN_AMERICA_WHOLESALE_BULK_SALES_PREMIUM
529,2024,P05,Q2,BEVERAGES,METRO_AG,EUROPE,E-COMMERCE,DIRECT_TO_CONSUMER,PREMIUM,33929.0,542405.0,392620.0,227720.0,164900.0,388929.0,163350.0,0.9906,2024_P05_BEVERAGES_METRO_AG_EUROPE_E-COMMERCE_DIRECT_TO_CONSUMER_PREMIUM
530,2024,P05,Q2,BEVERAGES,TESCO_PLC,NORTH_AMERICA,FOODSERVICE,HOTELS,URBAN,24854.0,296745.0,247226.0,143391.0,103835.0,276399.0,116088.0,1.118,2024_P05_BEVERAGES_TESCO_PLC_NORTH_AMERICA_FOODSERVICE_HOTELS_URBAN
531,2024,P05,Q2,FROZEN,CARREFOUR_SA,EUROPE,E-COMMERCE,MOBILE_APP,RURAL,45119.0,405712.0,325899.0,202057.0,123842.0,334633.0,127161.0,1.0268,2024_P05_FROZEN_CARREFOUR_SA_EUROPE_E-COMMERCE_MOBILE_APP_RURAL
532,2024,P05,Q2,DAIRY,AMAZON_RETAIL,NORTH_AMERICA,FOODSERVICE,HOTELS,PREMIUM,49138.0,337149.0,269408.0,175115.0,94293.0,307448.0,107607.0,1.1412,2024_P05_DAIRY_AMAZON_RETAIL_NORTH_AMERICA_FOODSERVICE_HOTELS_PREMIUM
533,2024,P05,Q2,CONFECTIONERY,METRO_AG,MIDDLE_EAST_AFRICA,RETAIL,SPECIALTY_STORES,SUBURBAN,33186.0,187435.0,145925.0,70044.0,75881.0,157380.0,81838.0,1.0785,2024_P05_CONFECTIONERY_METRO_AG_MIDDLE_EAST_AFRICA_RETAIL_SPECIALTY_STORES_SUBURBAN
534,2024,P05,Q2,BEVERAGES,WALMART_INC,ASIA_PACIFIC,E-COMMERCE,ONLINE_MARKETPLACE,URBAN,32390.0,503825.0,406749.0,235914.0,170835.0,410532.0,172424.0,1.0093,2024_P05_BEVERAGES_WALMART_INC_ASIA_PACIFIC_E-COMMERCE_ONLINE_MARKETPLACE_URBAN
535,2024,P05,Q2,BEVERAGES,FAMILY_MART,EUROPE,CONVENIENCE,VENDING,SUBURBAN,33492.0,468103.0,387408.0,224697.0,162711.0,401316.0,168552.0,1.0359,2024_P05_BEVERAGES_FAMILY_MART_EUROPE_CONVENIENCE_VENDING_SUBURBAN
536,2024,P05,Q2,BEVERAGES,WALMART_INC,MIDDLE_EAST_AFRICA,CONVENIENCE,AIRPORT_RETAIL,PREMIUM,39174.0,376430.0,272954.0,158313.0,114641.0,310567.0,130439.0,1.1378,2024_P05_BEVERAGES_WALMART_INC_MIDDLE_EAST_AFRICA_CONVENIENCE_AIRPORT_RETAIL_PREMIUM
537,2024,P05,Q2,BEVERAGES,ALDI_GROUP,NORTH_AMERICA,CONVENIENCE,VENDING,PREMIUM,23776.0,128429.0,94427.0,54768.0,39659.0,99366.0,41733.0,1.0523,2024_P05_BEVERAGES_ALDI_GROUP_NORTH_AMERICA_CONVENIENCE_VENDING_PREMIUM
538,2024,P05,Q2,BEVERAGES,WALMART_INC,MIDDLE_EAST_AFRICA,CONVENIENCE,GAS_STATIONS,VALUE,23181.0,279585.0,213881.0,124051.0,89830.0,214715.0,90180.0,1.0039,2024_P05_BEVERAGES_WALMART_INC_MIDDLE_EAST_AFRICA_CONVENIENCE_GAS_STATIONS_VALUE
539,2024,P05,Q2,SNACKS,WALMART_INC,MIDDLE_EAST_AFRICA,WHOLESALE,BULK_SALES,URBAN,22210.0,233588.0,192247.0,99968.0,92279.0,210280.0,100935.0,1.0938,2024_P05_SNACKS_WALMART_INC_MIDDLE_EAST_AFRICA_WHOLESALE_BULK_SALES_URBAN
540,2024,P05,Q2,BAKERY,WALMART_INC,EUROPE,E-COMMERCE,DIRECT_TO_CONSUMER,PREMIUM,50763.0,744426.0,610176.0,335597.0,274579.0,699384.0,314722.0,1.1462,2024_P05_BAKERY_WALMART_INC_EUROPE_E-COMMERCE_DIRECT_TO_CONSUMER_PREMIUM
541,2024,P06,Q2,DAIRY,Amazon,North Region,Modern Trade,Supermarket,In-store,2712.27,4282.07,3359.89,2044.37,1315.52,42.33,16.58,0.0126,2024_P06_DAIRY_Amazon_North Region_Modern Trade_Supermarket_In-store
542,2024,P06,Q2,BEVERAGES,Kroger,East Region,General Trade,Wholesalers,Online,1935.39,3630.6,2739.85,1927.81,812.04,33.15,9.83,0.0121,2024_P06_BEVERAGES_Kroger_East Region_General Trade_Wholesalers_Online
543,2024,P06,Q2,BEVERAGES,Amazon,North Region,Modern Trade,Hypermarket,In-store,4688.41,8845.76,7393.28,5084.49,2308.79,103.51,32.32,0.014,2024_P06_BEVERAGES_Amazon_North Region_Modern Trade_Hypermarket_In-store
544,2024,P06,Q2,SNACKS,Target,East Region,General Trade,Wholesalers,Online,2111.73,2725.92,2410.57,1518.84,891.73,33.99,12.57,0.0141,2024_P06_SNACKS_Target_East Region_General Trade_Wholesalers_Online
545,2024,P06,Q2,DAIRY,Amazon,West Region,General Trade,Wholesalers,In-store,2632.83,4565.45,3581.43,1962.88,1618.55,40.11,18.13,0.0112,2024_P06_DAIRY_Amazon_West Region_General Trade_Wholesalers_In-store
546,2024,P06,Q2,DAIRY,Kroger,South Region,Modern Trade,Hypermarket,Hybrid,2513.36,4086.96,3263.41,1851.37,1412.04,40.79,17.65,0.0125,2024_P06_DAIRY_Kroger_South Region_Modern Trade_Hypermarket_Hybrid
547,2024,P06,Q2,BAKERY,Amazon,South Region,General Trade,Local Shops,Online,4722.53,6351.74,4848.28,3322.43,1525.85,64.48,20.29,0.0133,2024_P06_BAKERY_Amazon_South Region_General Trade_Local Shops_Online
548,2024,P06,Q2,SNACKS,Amazon,North Region,General Trade,Local Shops,In-store,4097.37,7193.99,5787.05,3747.45,2039.6,71.76,25.29,0.0124,2024_P06_SNACKS_Amazon_North Region_General Trade_Local Shops_In-store
549,2024,P06,Q2,CONFECTIONERY,AEON_CO_LTD,ASIA_PACIFIC,E-COMMERCE,MOBILE_APP,PREMIUM,46359.0,345054.0,297122.0,142619.0,154503.0,320298.0,166554.0,1.078,2024_P06_CONFECTIONERY_AEON_CO_LTD_ASIA_PACIFIC_E-COMMERCE_MOBILE_APP_PREMIUM
550,2024,P06,Q2,FROZEN,LIDL_STIFTUNG,ASIA_PACIFIC,E-COMMERCE,MOBILE_APP,SUBURBAN,34637.0,445528.0,374451.0,232160.0,142291.0,411222.0,156264.0,1.0982,2024_P06_FROZEN_LIDL_STIFTUNG_ASIA_PACIFIC_E-COMMERCE_MOBILE_APP_SUBURBAN
551,2024,P06,Q2,BEVERAGES,LIDL_STIFTUNG,EUROPE,RETAIL,SPECIALTY_STORES,RURAL,33018.0,259282.0,187195.0,108573.0,78622.0,205203.0,86185.0,1.0962,2024_P06_BEVERAGES_LIDL_STIFTUNG_EUROPE_RETAIL_SPECIALTY_STORES_RURAL
552,2024,P06,Q2,SNACKS,COSTCO_WHOLESALE,LATIN_AMERICA,RETAIL,SUPERMARKETS,SUBURBAN,19452.0,139740.0,123982.0,64471.0,59511.0,124503.0,59761.0,1.0042,2024_P06_SNACKS_COSTCO_WHOLESALE_LATIN_AMERICA_RETAIL_SUPERMARKETS_SUBURBAN
553,2024,P06,Q2,FROZEN,ALDI_GROUP,NORTH_AMERICA,RETAIL,DISCOUNT_STORES,RURAL,23575.0,119244.0,103116.0,63932.0,39184.0,110953.0,42162.0,1.076,2024_P06_FROZEN_ALDI_GROUP_NORTH_AMERICA_RETAIL_DISCOUNT_STORES_RURAL
554,2024,P06,Q2,SNACKS,WALMART_INC,NORTH_AMERICA,FOODSERVICE,HOTELS,PREMIUM,50467.0,692962.0,509384.0,264880.0,244504.0,516108.0,247731.0,1.0132,2024_P06_SNACKS_WALMART_INC_NORTH_AMERICA_FOODSERVICE_HOTELS_PREMIUM
555,2024,P06,Q2,CONFECTIONERY,FAMILY_MART,LATIN_AMERICA,RETAIL,DISCOUNT_STORES,VALUE,38556.0,310937.0,267352.0,128329.0,139023.0,297055.0,154468.0,1.1111,2024_P06_CONFECTIONERY_FAMILY_MART_LATIN_AMERICA_RETAIL_DISCOUNT_STORES_VALUE
556,2024,P06,Q2,DAIRY,KROGER_CO,EUROPE,FOODSERVICE,CAFES,VALUE,32069.0,251479.0,210617.0,136901.0,73716.0,216641.0,75824.0,1.0286,2024_P06_DAIRY_KROGER_CO_EUROPE_FOODSERVICE_CAFES_VALUE
557,2024,P06,Q2,DAIRY,WOOLWORTHS_GROUP,MIDDLE_EAST_AFRICA,RETAIL,HYPERMARKETS,PREMIUM,21589.0,288211.0,255086.0,165806.0,89280.0,250112.0,87539.0,0.9805,2024_P06_DAIRY_WOOLWORTHS_GROUP_MIDDLE_EAST_AFRICA_RETAIL_HYPERMARKETS_PREMIUM
558,2024,P06,Q2,CONFECTIONERY,FAMILY_MART,EUROPE,CONVENIENCE,VENDING,PREMIUM,29154.0,283223.0,208121.0,99898.0,108223.0,223751.0,116351.0,1.0751,2024_P06_CONFECTIONERY_FAMILY_MART_EUROPE_CONVENIENCE_VENDING_PREMIUM
559,2024,P06,Q2,SNACKS,CARREFOUR_SA,EUROPE,CONVENIENCE,AIRPORT_RETAIL,RURAL,16311.0,174021.0,154582.0,80383.0,74199.0,171401.0,82272.0,1.1088,2024_P06_SNACKS_CARREFOUR_SA_EUROPE_CONVENIENCE_AIRPORT_RETAIL_RURAL
560,2024,P06,Q2,FROZEN,TESCO_PLC,LATIN_AMERICA,E-COMMERCE,DIRECT_TO_CONSUMER,PREMIUM,25407.0,330533.0,260916.0,161768.0,99148.0,289878.0,110153.0,1.111,2024_P06_FROZEN_TESCO_PLC_LATIN_AMERICA_E-COMMERCE_DIRECT_TO_CONSUMER_PREMIUM
561,2024,P06,Q2,BEVERAGES,WOOLWORTHS_GROUP,ASIA_PACIFIC,CONVENIENCE,GAS_STATIONS,SUBURBAN,46410.0,686268.0,561320.0,325566.0,235754.0,590509.0,248013.0,1.052,2024_P06_BEVERAGES_WOOLWORTHS_GROUP_ASIA_PACIFIC_CONVENIENCE_GAS_STATIONS_SUBURBAN
562,2024,P06,Q2,BEVERAGES,WALMART_INC,LATIN_AMERICA,CONVENIENCE,GAS_STATIONS,SUBURBAN,17569.0,183212.0,157200.0,91176.0,66024.0,169069.0,71009.0,1.0755,2024_P06_BEVERAGES_WALMART_INC_LATIN_AMERICA_CONVENIENCE_GAS_STATIONS_SUBURBAN
563,2024,P07,Q3,DAIRY,Kroger,West Region,Modern Trade,Supermarket,In-store,1803.88,2397.32,2243.75,1575.18,668.57,30.29,9.03,0.0135,2024_P07_DAIRY_Kroger_West Region_Modern Trade_Supermarket_In-store
564,2024,P07,Q3,BEVERAGES,Walmart,North Region,E-commerce,Direct to Consumer,Online,2378.35,3276.62,2536.02,1482.06,1053.96,37.53,15.6,0.0148,2024_P07_BEVERAGES_Walmart_North Region_E-commerce_Direct to Consumer_Online
565,2024,P07,Q3,BAKERY,Walmart,North Region,Modern Trade,Hypermarket,Hybrid,1954.41,3156.44,2811.14,1661.12,1150.02,41.89,17.14,0.0149,2024_P07_BAKERY_Walmart_North Region_Modern Trade_Hypermarket_Hybrid
566,2024,P07,Q3,BEVERAGES,Costco,West Region,General Trade,Local Shops,In-store,3469.93,6432.48,5538.62,3502.69,2035.93,66.46,24.43,0.012,2024_P07_BEVERAGES_Costco_West Region_General Trade_Local Shops_In-store
567,2024,P07,Q3,SNACKS,Target,West Region,General Trade,Local Shops,Hybrid,2764.11,5210.88,4594.63,2484.47,2110.16,51.92,23.84,0.0113,2024_P07_SNACKS_Target_West Region_General Trade_Local Shops_Hybrid
568,2024,P07,Q3,DAIRY,Costco,West Region,General Trade,Wholesalers,Online,3997.16,6582.22,5495.13,3992.7,1502.43,62.64,17.13,0.0114,2024_P07_DAIRY_Costco_West Region_General Trade_Wholesalers_Online
569,2024,P07,Q3,BAKERY,Walmart,West Region,E-commerce,Direct to Consumer,In-store,997.84,1873.11,1452.59,870.57,582.02,20.63,8.26,0.0142,2024_P07_BAKERY_Walmart_West Region_E-commerce_Direct to Consumer_In-store
570,2024,P07,Q3,DAIRY,LAWSON_INC,ASIA_PACIFIC,RETAIL,SPECIALTY_STORES,URBAN,30758.0,141694.0,116749.0,75887.0,40862.0,125202.0,43820.0,1.0724,2024_P07_DAIRY_LAWSON_INC_ASIA_PACIFIC_RETAIL_SPECIALTY_STORES_URBAN
571,2024,P07,Q3,FROZEN,WALMART_INC,LATIN_AMERICA,FOODSERVICE,CAFES,VALUE,35670.0,184629.0,149829.0,92894.0,56935.0,152301.0,57874.0,1.0165,2024_P07_FROZEN_WALMART_INC_LATIN_AMERICA_FOODSERVICE_CAFES_VALUE
572,2024,P07,Q3,BAKERY,WALMART_INC,LATIN_AMERICA,WHOLESALE,DISTRIBUTORS,SUBURBAN,39377.0,207868.0,168221.0,92522.0,75699.0,160416.0,72187.0,0.9536,2024_P07_BAKERY_WALMART_INC_LATIN_AMERICA_WHOLESALE_DISTRIBUTORS_SUBURBAN
573,2024,P07,Q3,BAKERY,KROGER_CO,ASIA_PACIFIC,WHOLESALE,CASH_CARRY,SUBURBAN,54990.0,323412.0,272962.0,150129.0,122833.0,259041.0,116569.0,0.949,2024_P07_BAKERY_KROGER_CO_ASIA_PACIFIC_WHOLESALE_CASH_CARRY_SUBURBAN
574,2024,P07,Q3,FROZEN,SEVEN_ELEVEN,NORTH_AMERICA,E-COMMERCE,MOBILE_APP,URBAN,31302.0,397232.0,354441.0,219753.0,134688.0,374325.0,142244.0,1.0561,2024_P07_FROZEN_SEVEN_ELEVEN_NORTH_AMERICA_E-COMMERCE_MOBILE_APP_URBAN
575,2024,P07,Q3,SNACKS,AEON_CO_LTD,NORTH_AMERICA,FOODSERVICE,HOTELS,VALUE,51294.0,246213.0,199156.0,103561.0,95595.0,208496.0,100078.0,1.0469,2024_P07_SNACKS_AEON_CO_LTD_NORTH_AMERICA_FOODSERVICE_HOTELS_VALUE
576,2024,P07,Q3,FROZEN,FAMILY_MART,NORTH_AMERICA,CONVENIENCE,VENDING,SUBURBAN,45523.0,382173.0,287994.0,178556.0,109438.0,317744.0,120743.0,1.1033,2024_P07_FROZEN_FAMILY_MART_NORTH_AMERICA_CONVENIENCE_VENDING_SUBURBAN
577,2024,P07,Q3,BEVERAGES,FAMILY_MART,EUROPE,WHOLESALE,CASH_CARRY,VALUE,45188.0,673252.0,575888.0,334015.0,241873.0,558093.0,234399.0,0.9691,2024_P07_BEVERAGES_FAMILY_MART_EUROPE_WHOLESALE_CASH_CARRY_VALUE
578,2024,P07,Q3,DAIRY,SEVEN_ELEVEN,LATIN_AMERICA,E-COMMERCE,MOBILE_APP,VALUE,23510.0,138731.0,123751.0,80438.0,43313.0,126981.0,44443.0,1.0261,2024_P07_DAIRY_SEVEN_ELEVEN_LATIN_AMERICA_E-COMMERCE_MOBILE_APP_VALUE
579,2024,P07,Q3,CONFECTIONERY,TARGET_CORP,ASIA_PACIFIC,FOODSERVICE,HOTELS,URBAN,41057.0,416024.0,311937.0,149730.0,162207.0,331901.0,172588.0,1.064,2024_P07_CONFECTIONERY_TARGET_CORP_ASIA_PACIFIC_FOODSERVICE_HOTELS_URBAN
580,2024,P07,Q3,SNACKS,AEON_CO_LTD,MIDDLE_EAST_AFRICA,FOODSERVICE,CATERING,VALUE,47945.0,483309.0,355524.0,184872.0,170652.0,364945.0,175174.0,1.0265,2024_P07_SNACKS_AEON_CO_LTD_MIDDLE_EAST_AFRICA_FOODSERVICE_CATERING_VALUE
581,2024,P07,Q3,BEVERAGES,LIDL_STIFTUNG,NORTH_AMERICA,WHOLESALE,BULK_SALES,VALUE,34509.0,345361.0,282210.0,163682.0,118528.0,281025.0,118030.0,0.9958,2024_P07_BEVERAGES_LIDL_STIFTUNG_NORTH_AMERICA_WHOLESALE_BULK_SALES_VALUE
582,2024,P07,Q3,BEVERAGES,TESCO_PLC,MIDDLE_EAST_AFRICA,CONVENIENCE,AIRPORT_RETAIL,URBAN,32124.0,308869.0,243645.0,141314.0,102331.0,233363.0,98013.0,0.9578,2024_P07_BEVERAGES_TESCO_PLC_MIDDLE_EAST_AFRICA_CONVENIENCE_AIRPORT_RETAIL_URBAN
583,2024,P07,Q3,SNACKS,WALMART_INC,LATIN_AMERICA,E-COMMERCE,DIRECT_TO_CONSUMER,URBAN,43598.0,337234.0,250682.0,130355.0,120327.0,271814.0,130471.0,1.0843,2024_P07_SNACKS_WALMART_INC_LATIN_AMERICA_E-COMMERCE_DIRECT_TO_CONSUMER_URBAN
584,2024,P08,Q3,SNACKS,Walmart,East Region,General Trade,Local Shops,In-store,2722.08,4404.83,3680.27,1863.52,1816.75,41.96,20.71,0.0114,2024_P08_SNACKS_Walmart_East Region_General Trade_Local Shops_In-store
585,2024,P08,Q3,DAIRY,Kroger,West Region,Modern Trade,Supermarket,Online,2155.02,3676.13,3222.89,2043.13,1179.76,36.74,13.45,0.0114,2024_P08_DAIRY_Kroger_West Region_Modern Trade_Supermarket_Online
586,2024,P08,Q3,BAKERY,Target,South Region,E-commerce,Online Marketplace,In-store,3631.88,5546.47,4352.09,2346.25,2005.84,52.23,24.07,0.012,2024_P08_BAKERY_Target_South Region_E-commerce_Online Marketplace_In-store
587,2024,P08,Q3,SNACKS,Costco,East Region,General Trade,Wholesalers,Hybrid,3390.89,4140.99,3590.88,2639.5,951.38,47.76,12.65,0.0133,2024_P08_SNACKS_Costco_East Region_General Trade_Wholesalers_Hybrid
588,2024,P08,Q3,BAKERY,Amazon,East Region,General Trade,Local Shops,In-store,4062.11,7440.54,5716.13,3564.61,2151.52,64.02,24.1,0.0112,2024_P08_BAKERY_Amazon_East Region_General Trade_Local Shops_In-store
589,2024,P08,Q3,BEVERAGES,Kroger,West Region,General Trade,Local Shops,Online,2972.88,4617.55,4282.97,2517.22,1765.75,49.25,20.31,0.0115,2024_P08_BEVERAGES_Kroger_West Region_General Trade_Local Shops_Online
590,2024,P08,Q3,BEVERAGES,Kroger,West Region,General Trade,Local Shops,In-store,881.77,1754.12,1446.89,857.51,589.38,20.69,8.43,0.0143,2024_P08_BEVERAGES_Kroger_West Region_General Trade_Local Shops_In-store
591,2024,P08,Q3,BAKERY,Kroger,East Region,Modern Trade,Supermarket,Online,4968.34,6255.33,5384.41,3996.99,1387.42,70.54,18.18,0.0131,2024_P08_BAKERY_Kroger_East Region_Modern Trade_Supermarket_Online
592,2024,P08,Q3,BEVERAGES,Kroger,South Region,General Trade,Local Shops,Hybrid,2566.11,5091.23,4320.03,2515.07,1804.96,58.32,24.37,0.0135,2024_P08_BEVERAGES_Kroger_South Region_General Trade_Local Shops_Hybrid
593,2024,P08,Q3,BAKERY,Walmart,North Region,E-commerce,Online Marketplace,Online,3622.77,5920.26,4738.34,2778.68,1959.66,55.44,22.93,0.0117,2024_P08_BAKERY_Walmart_North Region_E-commerce_Online Marketplace_Online
594,2024,P08,Q3,BEVERAGES,Costco,East Region,General Trade,Wholesalers,Online,1127.1,2105.36,1993.52,1258.75,734.77,23.32,8.6,0.0117,2024_P08_BEVERAGES_Costco_East Region_General Trade_Wholesalers_Online
595,2024,P08,Q3,BEVERAGES,Kroger,North Region,Modern Trade,Hypermarket,Online,912.12,1763.9,1371.19,1011.33,359.86,17.55,4.61,0.0128,2024_P08_BEVERAGES_Kroger_North Region_Modern Trade_Hypermarket_Online
596,2024,P08,Q3,SNACKS,KROGER_CO,ASIA_PACIFIC,FOODSERVICE,CAFES,URBAN,41289.0,628514.0,471388.0,245122.0,226266.0,494439.0,237330.0,1.0489,2024_P08_SNACKS_KROGER_CO_ASIA_PACIFIC_FOODSERVICE_CAFES_URBAN
597,2024,P08,Q3,SNACKS,TESCO_PLC,MIDDLE_EAST_AFRICA,WHOLESALE,BULK_SALES,SUBURBAN,50625.0,485130.0,415936.0,216287.0,199649.0,447714.0,214902.0,1.0764,2024_P08_SNACKS_TESCO_PLC_MIDDLE_EAST_AFRICA_WHOLESALE_BULK_SALES_SUBURBAN
598,2024,P08,Q3,BEVERAGES,TESCO_PLC,EUROPE,E-COMMERCE,MOBILE_APP,VALUE,52556.0,392946.0,315592.0,183043.0,132549.0,319158.0,134047.0,1.0113,2024_P08_BEVERAGES_TESCO_PLC_EUROPE_E-COMMERCE_MOBILE_APP_VALUE
599,2024,P08,Q3,BAKERY,FAMILY_MART,NORTH_AMERICA,RETAIL,HYPERMARKETS,SUBURBAN,41914.0,680325.0,595544.0,327549.0,267995.0,572377.0,257570.0,0.9611,2024_P08_BAKERY_FAMILY_MART_NORTH_AMERICA_RETAIL_HYPERMARKETS_SUBURBAN
600,2024,P08,Q3,DAIRY,CARREFOUR_SA,EUROPE,E-COMMERCE,DIRECT_TO_CONSUMER,URBAN,51755.0,326877.0,279629.0,181759.0,97870.0,300042.0,105015.0,1.073,2024_P08_DAIRY_CARREFOUR_SA_EUROPE_E-COMMERCE_DIRECT_TO_CONSUMER_URBAN
601,2024,P08,Q3,DAIRY,ALDI_GROUP,LATIN_AMERICA,WHOLESALE,DISTRIBUTORS,VALUE,23848.0,381941.0,322326.0,209512.0,112814.0,326065.0,114123.0,1.0116,2024_P08_DAIRY_ALDI_GROUP_LATIN_AMERICA_WHOLESALE_DISTRIBUTORS_VALUE
602,2024,P08,Q3,BEVERAGES,WOOLWORTHS_GROUP,ASIA_PACIFIC,CONVENIENCE,VENDING,VALUE,22555.0,176554.0,147609.0,85613.0,61996.0,155757.0,65418.0,1.0552,2024_P08_BEVERAGES_WOOLWORTHS_GROUP_ASIA_PACIFIC_CONVENIENCE_VENDING_VALUE
603,2024,P08,Q3,FROZEN,TARGET_CORP,EUROPE,WHOLESALE,BULK_SALES,URBAN,28002.0,152526.0,119661.0,74190.0,45471.0,123406.0,46894.0,1.0313,2024_P08_FROZEN_TARGET_CORP_EUROPE_WHOLESALE_BULK_SALES_URBAN
604,2024,P08,Q3,BAKERY,AEON_CO_LTD,MIDDLE_EAST_AFRICA,FOODSERVICE,HOTELS,PREMIUM,27956.0,352941.0,259470.0,142709.0,116761.0,245822.0,110619.0,0.9474,2024_P08_BAKERY_AEON_CO_LTD_MIDDLE_EAST_AFRICA_FOODSERVICE_HOTELS_PREMIUM
605,2024,P08,Q3,SNACKS,TESCO_PLC,ASIA_PACIFIC,CONVENIENCE,AIRPORT_RETAIL,SUBURBAN,30039.0,381986.0,330353.0,171784.0,158569.0,324407.0,155715.0,0.982,2024_P08_SNACKS_TESCO_PLC_ASIA_PACIFIC_CONVENIENCE_AIRPORT_RETAIL_SUBURBAN
606,2024,P08,Q3,BEVERAGES,WALMART_INC,LATIN_AMERICA,CONVENIENCE,GAS_STATIONS,PREMIUM,35465.0,473556.0,342595.0,198705.0,143890.0,363253.0,152567.0,1.0603,2024_P08_BEVERAGES_WALMART_INC_LATIN_AMERICA_CONVENIENCE_GAS_STATIONS_PREMIUM
607,2024,P08,Q3,FROZEN,ALDI_GROUP,NORTH_AMERICA,E-COMMERCE,MOBILE_APP,RURAL,17604.0,195471.0,173616.0,107642.0,65974.0,174554.0,66330.0,1.0054,2024_P08_FROZEN_ALDI_GROUP_NORTH_AMERICA_E-COMMERCE_MOBILE_APP_RURAL
608,2024,P08,Q3,BAKERY,TARGET_CORP,MIDDLE_EAST_AFRICA,RETAIL,SPECIALTY_STORES,PREMIUM,39398.0,358464.0,264120.0,145266.0,118854.0,262060.0,117927.0,0.9922,2024_P08_BAKERY_TARGET_CORP_MIDDLE_EAST_AFRICA_RETAIL_SPECIALTY_STORES_PREMIUM
609,2024,P08,Q3,BAKERY,COSTCO_WHOLESALE,ASIA_PACIFIC,RETAIL,SUPERMARKETS,RURAL,45525.0,549457.0,455314.0,250423.0,204891.0,434825.0,195671.0,0.955,2024_P08_BAKERY_COSTCO_WHOLESALE_ASIA_PACIFIC_RETAIL_SUPERMARKETS_RURAL
610,2024,P09,Q3,BEVERAGES,Costco,West Region,Modern Trade,Supermarket,Hybrid,1621.82,2478.64,2233.53,1244.52,989.01,25.24,11.18,0.0113,2024_P09_BEVERAGES_Costco_West Region_Modern Trade_Supermarket_Hybrid
611,2024,P09,Q3,SNACKS,Amazon,South Region,Modern Trade,Supermarket,Hybrid,3654.36,4597.95,4204.24,2844.42,1359.82,47.51,15.37,0.0113,2024_P09_SNACKS_Amazon_South Region_Modern Trade_Supermarket_Hybrid
612,2024,P09,Q3,SNACKS,Kroger,North Region,General Trade,Wholesalers,Online,2840.74,5345.55,4599.21,2944.57,1654.64,66.69,23.99,0.0145,2024_P09_SNACKS_Kroger_North Region_General Trade_Wholesalers_Online
613,2024,P09,Q3,DAIRY,Walmart,West Region,Modern Trade,Hypermarket,Hybrid,3247.79,4647.28,4025.7,2168.2,1857.5,51.93,23.96,0.0129,2024_P09_DAIRY_Walmart_West Region_Modern Trade_Hypermarket_Hybrid
614,2024,P09,Q3,DAIRY,Walmart,South Region,General Trade,Local Shops,In-store,801.84,1443.29,1143.06,828.16,314.9,13.49,3.72,0.0118,2024_P09_DAIRY_Walmart_South Region_General Trade_Local Shops_In-store
615,2024,P09,Q3,CONFECTIONERY,FAMILY_MART,LATIN_AMERICA,RETAIL,DISCOUNT_STORES,VALUE,39497.0,612207.0,469239.0,225235.0,244004.0,479421.0,249299.0,1.0217,2024_P09_CONFECTIONERY_FAMILY_MART_LATIN_AMERICA_RETAIL_DISCOUNT_STORES_VALUE
616,2024,P09,Q3,CONFECTIONERY,WOOLWORTHS_GROUP,MIDDLE_EAST_AFRICA,WHOLESALE,CASH_CARRY,VALUE,26583.0,294871.0,248212.0,119142.0,129070.0,248336.0,129135.0,1.0005,2024_P09_CONFECTIONERY_WOOLWORTHS_GROUP_MIDDLE_EAST_AFRICA_WHOLESALE_CASH_CARRY_VALUE
617,2024,P09,Q3,DAIRY,WOOLWORTHS_GROUP,LATIN_AMERICA,FOODSERVICE,HOTELS,RURAL,41113.0,317442.0,264374.0,171843.0,92531.0,270455.0,94659.0,1.023,2024_P09_DAIRY_WOOLWORTHS_GROUP_LATIN_AMERICA_FOODSERVICE_HOTELS_RURAL
618,2024,P09,Q3,SNACKS,AEON_CO_LTD,ASIA_PACIFIC,WHOLESALE,BULK_SALES,URBAN,54103.0,840609.0,735008.0,382204.0,352804.0,724865.0,347935.0,0.9862,2024_P09_SNACKS_AEON_CO_LTD_ASIA_PACIFIC_WHOLESALE_BULK_SALES_URBAN
619,2024,P09,Q3,FROZEN,METRO_AG,MIDDLE_EAST_AFRICA,E-COMMERCE,DIRECT_TO_CONSUMER,SUBURBAN,26059.0,162804.0,138743.0,86021.0,52722.0,145680.0,55358.0,1.05,2024_P09_FROZEN_METRO_AG_MIDDLE_EAST_AFRICA_E-COMMERCE_DIRECT_TO_CONSUMER_SUBURBAN
620,2024,P09,Q3,SNACKS,WALMART_INC,MIDDLE_EAST_AFRICA,FOODSERVICE,CAFES,RURAL,44422.0,329413.0,285200.0,148304.0,136896.0,282434.0,135568.0,0.9903,2024_P09_SNACKS_WALMART_INC_MIDDLE_EAST_AFRICA_FOODSERVICE_CAFES_RURAL
621,2024,P09,Q3,BAKERY,WALMART_INC,LATIN_AMERICA,CONVENIENCE,GAS_STATIONS,VALUE,50145.0,761395.0,642195.0,353207.0,288988.0,651764.0,293294.0,1.0149,2024_P09_BAKERY_WALMART_INC_LATIN_AMERICA_CONVENIENCE_GAS_STATIONS_VALUE
622,2024,P09,Q3,BEVERAGES,TARGET_CORP,ASIA_PACIFIC,CONVENIENCE,GAS_STATIONS,RURAL,46762.0,329910.0,246291.0,142849.0,103442.0,253680.0,106545.0,1.03,2024_P09_BEVERAGES_TARGET_CORP_ASIA_PACIFIC_CONVENIENCE_GAS_STATIONS_RURAL
623,2024,P09,Q3,CONFECTIONERY,WOOLWORTHS_GROUP,MIDDLE_EAST_AFRICA,FOODSERVICE,CAFES,VALUE,22005.0,172508.0,141795.0,68062.0,73733.0,130381.0,67797.0,0.9195,2024_P09_CONFECTIONERY_WOOLWORTHS_GROUP_MIDDLE_EAST_AFRICA_FOODSERVICE_CAFES_VALUE
624,2024,P09,Q3,BEVERAGES,LIDL_STIFTUNG,NORTH_AMERICA,FOODSERVICE,HOTELS,RURAL,32291.0,286810.0,250432.0,145251.0,105181.0,254915.0,107064.0,1.0179,2024_P09_BEVERAGES_LIDL_STIFTUNG_NORTH_AMERICA_FOODSERVICE_HOTELS_RURAL
625,2024,P09,Q3,DAIRY,WOOLWORTHS_GROUP,EUROPE,RETAIL,SPECIALTY_STORES,VALUE,16388.0,269414.0,213243.0,138608.0,74635.0,203263.0,71142.0,0.9532,2024_P09_DAIRY_WOOLWORTHS_GROUP_EUROPE_RETAIL_SPECIALTY_STORES_VALUE
626,2024,P09,Q3,BAKERY,SEVEN_ELEVEN,EUROPE,E-COMMERCE,DIRECT_TO_CONSUMER,RURAL,20991.0,231030.0,176872.0,97280.0,79592.0,165658.0,74546.0,0.9366,2024_P09_BAKERY_SEVEN_ELEVEN_EUROPE_E-COMMERCE_DIRECT_TO_CONSUMER_RURAL
627,2024,P09,Q3,DAIRY,WOOLWORTHS_GROUP,LATIN_AMERICA,E-COMMERCE,MOBILE_APP,URBAN,19781.0,264011.0,203853.0,132504.0,71349.0,192641.0,67425.0,0.945,2024_P09_DAIRY_WOOLWORTHS_GROUP_LATIN_AMERICA_E-COMMERCE_MOBILE_APP_URBAN
628,2024,P10,Q4,BAKERY,Costco,South Region,Modern Trade,Hypermarket,In-store,2942.13,3862.25,3516.34,1823.71,1692.63,52.39,25.22,0.0149,2024_P10_BAKERY_Costco_South Region_Modern Trade_Hypermarket_In-store
629,2024,P10,Q4,BAKERY,Amazon,East Region,E-commerce,Online Marketplace,Hybrid,3780.53,6869.28,5253.69,3097.66,2156.03,60.42,24.79,0.0115,2024_P10_BAKERY_Amazon_East Region_E-commerce_Online Marketplace_Hybrid
630,2024,P10,Q4,SNACKS,Walmart,South Region,E-commerce,Direct to Consumer,In-store,918.96,1762.36,1639.14,1079.01,560.13,20.33,6.95,0.0124,2024_P10_SNACKS_Walmart_South Region_E-commerce_Direct to Consumer_In-store
631,2024,P10,Q4,SNACKS,Amazon,East Region,E-commerce,Online Marketplace,In-store,3389.14,4295.1,3360.17,2434.91,925.26,45.03,12.4,0.0134,2024_P10_SNACKS_Amazon_East Region_E-commerce_Online Marketplace_In-store
632,2024,P10,Q4,DAIRY,Kroger,North Region,General Trade,Wholesalers,Hybrid,3173.59,4775.34,4507.84,3202.95,1304.89,64.91,18.79,0.0144,2024_P10_DAIRY_Kroger_North Region_General Trade_Wholesalers_Hybrid
633,2024,P10,Q4,DAIRY,Walmart,North Region,Modern Trade,Supermarket,Hybrid,4158.05,8315.16,7893.81,5043.02,2850.79,111.3,40.2,0.0141,2024_P10_DAIRY_Walmart_North Region_Modern Trade_Supermarket_Hybrid
634,2024,P10,Q4,SNACKS,Target,West Region,E-commerce,Direct to Consumer,Online,4751.45,8931.39,7140.37,4374.45,2765.92,82.11,31.81,0.0115,2024_P10_SNACKS_Target_West Region_E-commerce_Direct to Consumer_Online
635,2024,P10,Q4,BAKERY,Kroger,North Region,Modern Trade,Hypermarket,Hybrid,3668.36,5027.02,3907.37,1967.89,1939.48,48.45,24.05,0.0124,2024_P10_BAKERY_Kroger_North Region_Modern Trade_Hypermarket_Hybrid
636,2024,P10,Q4,SNACKS,Walmart,South Region,Modern Trade,Supermarket,Hybrid,2385.16,4607.84,3789.85,2445.01,1344.84,51.16,18.16,0.0135,2024_P10_SNACKS_Walmart_South Region_Modern Trade_Supermarket_Hybrid
637,2024,P10,Q4,BAKERY,Amazon,West Region,E-commerce,Direct to Consumer,Online,2179.89,3088.02,2713.75,1634.18,1079.57,30.12,11.98,0.0111,2024_P10_BAKERY_Amazon_West Region_E-commerce_Direct to Consumer_Online
638,2024,P10,Q4,BAKERY,ALDI_GROUP,EUROPE,E-COMMERCE,MOBILE_APP,SUBURBAN,17176.0,170950.0,150003.0,82502.0,67501.0,155028.0,69762.0,1.0335,2024_P10_BAKERY_ALDI_GROUP_EUROPE_E-COMMERCE_MOBILE_APP_SUBURBAN
639,2024,P10,Q4,DAIRY,TESCO_PLC,ASIA_PACIFIC,FOODSERVICE,HOTELS,SUBURBAN,53437.0,258869.0,232435.0,151083.0,81352.0,240384.0,84134.0,1.0342,2024_P10_DAIRY_TESCO_PLC_ASIA_PACIFIC_FOODSERVICE_HOTELS_SUBURBAN
640,2024,P10,Q4,FROZEN,AEON_CO_LTD,EUROPE,WHOLESALE,BULK_SALES,URBAN,23898.0,298821.0,224046.0,138909.0,85137.0,209954.0,79782.0,0.9371,2024_P10_FROZEN_AEON_CO_LTD_EUROPE_WHOLESALE_BULK_SALES_URBAN
641,2024,P10,Q4,BAKERY,TESCO_PLC,NORTH_AMERICA,WHOLESALE,BULK_SALES,RURAL,15540.0,103609.0,77574.0,42666.0,34908.0,77504.0,34877.0,0.9991,2024_P10_BAKERY_TESCO_PLC_NORTH_AMERICA_WHOLESALE_BULK_SALES_RURAL
642,2024,P10,Q4,CONFECTIONERY,LAWSON_INC,NORTH_AMERICA,E-COMMERCE,DIRECT_TO_CONSUMER,PREMIUM,43113.0,693890.0,514065.0,246751.0,267314.0,479160.0,249163.0,0.9321,2024_P10_CONFECTIONERY_LAWSON_INC_NORTH_AMERICA_E-COMMERCE_DIRECT_TO_CONSUMER_PREMIUM
643,2024,P10,Q4,DAIRY,LIDL_STIFTUNG,MIDDLE_EAST_AFRICA,FOODSERVICE,CAFES,SUBURBAN,46095.0,372047.0,311019.0,202162.0,108857.0,284396.0,99539.0,0.9144,2024_P10_DAIRY_LIDL_STIFTUNG_MIDDLE_EAST_AFRICA_FOODSERVICE_CAFES_SUBURBAN
644,2024,P10,Q4,FROZEN,METRO_AG,ASIA_PACIFIC,FOODSERVICE,HOTELS,VALUE,20934.0,262000.0,197766.0,122615.0,75151.0,194720.0,73994.0,0.9846,2024_P10_FROZEN_METRO_AG_ASIA_PACIFIC_FOODSERVICE_HOTELS_VALUE
645,2024,P10,Q4,FROZEN,LIDL_STIFTUNG,NORTH_AMERICA,CONVENIENCE,VENDING,PREMIUM,34085.0,525442.0,391506.0,242734.0,148772.0,357406.0,135814.0,0.9129,2024_P10_FROZEN_LIDL_STIFTUNG_NORTH_AMERICA_CONVENIENCE_VENDING_PREMIUM
646,2024,P10,Q4,BAKERY,FAMILY_MART,NORTH_AMERICA,CONVENIENCE,GAS_STATIONS,VALUE,39203.0,634022.0,558286.0,307057.0,251229.0,528529.0,237838.0,0.9467,2024_P10_BAKERY_FAMILY_MART_NORTH_AMERICA_CONVENIENCE_GAS_STATIONS_VALUE
647,2024,P10,Q4,DAIRY,CARREFOUR_SA,ASIA_PACIFIC,FOODSERVICE,HOTELS,SUBURBAN,38310.0,308291.0,265730.0,172725.0,93005.0,246225.0,86178.0,0.9266,2024_P10_DAIRY_CARREFOUR_SA_ASIA_PACIFIC_FOODSERVICE_HOTELS_SUBURBAN
648,2024,P10,Q4,BAKERY,AMAZON_RETAIL,MIDDLE_EAST_AFRICA,RETAIL,HYPERMARKETS,RURAL,31897.0,411373.0,358874.0,197381.0,161493.0,352665.0,158699.0,0.9827,2024_P10_BAKERY_AMAZON_RETAIL_MIDDLE_EAST_AFRICA_RETAIL_HYPERMARKETS_RURAL
649,2024,P10,Q4,DAIRY,WALMART_INC,NORTH_AMERICA,CONVENIENCE,AIRPORT_RETAIL,URBAN,26523.0,437602.0,359423.0,233625.0,125798.0,344794.0,120678.0,0.9593,2024_P10_DAIRY_WALMART_INC_NORTH_AMERICA_CONVENIENCE_AIRPORT_RETAIL_URBAN
650,2024,P10,Q4,FROZEN,CARREFOUR_SA,NORTH_AMERICA,WHOLESALE,CASH_CARRY,PREMIUM,52917.0,392135.0,327676.0,203159.0,124517.0,307753.0,116946.0,0.9392,2024_P10_FROZEN_CARREFOUR_SA_NORTH_AMERICA_WHOLESALE_CASH_CARRY_PREMIUM
651,2024,P11,Q4,DAIRY,Amazon,South Region,E-commerce,Online Marketplace,In-store,3233.95,4321.91,3297.66,2431.11,866.55,49.14,12.91,0.0149,2024_P11_DAIRY_Amazon_South Region_E-commerce_Online Marketplace_In-store
652,2024,P11,Q4,BEVERAGES,Costco,North Region,Modern Trade,Supermarket,Online,4863.13,8851.41,8301.74,6008.03,2293.71,111.24,30.74,0.0134,2024_P11_BEVERAGES_Costco_North Region_Modern Trade_Supermarket_Online
653,2024,P11,Q4,BEVERAGES,Target,East Region,Modern Trade,Supermarket,Hybrid,1038.17,1838.18,1658.33,1061.86,596.47,23.38,8.41,0.0141,2024_P11_BEVERAGES_Target_East Region_Modern Trade_Supermarket_Hybrid
654,2024,P11,Q4,DAIRY,Walmart,North Region,General Trade,Local Shops,Hybrid,3267.53,6509.06,5064.16,3188.31,1875.85,73.43,27.2,0.0145,2024_P11_DAIRY_Walmart_North Region_General Trade_Local Shops_Hybrid
655,2024,P11,Q4,BEVERAGES,Amazon,East Region,General Trade,Local Shops,Online,637.25,783.74,716.75,422.92,293.83,8.24,3.38,0.0115,2024_P11_BEVERAGES_Amazon_East Region_General Trade_Local Shops_Online
656,2024,P11,Q4,BEVERAGES,Costco,West Region,Modern Trade,Hypermarket,In-store,683.28,1287.55,1146.86,709.38,437.48,13.07,4.99,0.0114,2024_P11_BEVERAGES_Costco_West Region_Modern Trade_Hypermarket_In-store
657,2024,P11,Q4,BAKERY,Target,West Region,Modern Trade,Supermarket,Online,2237.46,4405.45,4101.78,2251.66,1850.12,46.35,20.91,0.0113,2024_P11_BAKERY_Target_West Region_Modern Trade_Supermarket_Online
658,2024,P11,Q4,SNACKS,Amazon,North Region,General Trade,Wholesalers,Hybrid,4529.85,6846.24,5149.52,3740.33,1409.19,58.7,16.06,0.0114,2024_P11_SNACKS_Amazon_North Region_General Trade_Wholesalers_Hybrid
659,2024,P11,Q4,BAKERY,Target,West Region,Modern Trade,Hypermarket,Hybrid,2518.0,3612.24,2946.62,1968.72,977.9,41.25,13.69,0.014,2024_P11_BAKERY_Target_West Region_Modern Trade_Hypermarket_Hybrid
660,2024,P11,Q4,BEVERAGES,Walmart,West Region,General Trade,Wholesalers,Hybrid,891.14,1452.28,1259.66,864.58,395.08,16.0,5.02,0.0127,2024_P11_BEVERAGES_Walmart_West Region_General Trade_Wholesalers_Hybrid
661,2024,P11,Q4,BEVERAGES,Walmart,North Region,General Trade,Wholesalers,In-store,4920.7,6345.89,5264.37,3908.1,1356.27,76.33,19.67,0.0145,2024_P11_BEVERAGES_Walmart_North Region_General Trade_Wholesalers_In-store
662,2024,P11,Q4,BAKERY,Walmart,East Region,E-commerce,Direct to Consumer,Online,3814.0,7427.74,6945.78,4255.75,2690.03,79.88,30.94,0.0115,2024_P11_BAKERY_Walmart_East Region_E-commerce_Direct to Consumer_Online
663,2024,P11,Q4,SNACKS,Costco,North Region,General Trade,Local Shops,Hybrid,1725.38,2095.84,1955.12,1035.11,920.01,26.0,12.24,0.0133,2024_P11_SNACKS_Costco_North Region_General Trade_Local Shops_Hybrid
664,2024,P11,Q4,DAIRY,Target,North Region,E-commerce,Direct to Consumer,Hybrid,3202.33,5546.53,4354.44,3172.66,1181.78,55.3,15.01,0.0127,2024_P11_DAIRY_Target_North Region_E-commerce_Direct to Consumer_Hybrid
665,2024,P11,Q4,SNACKS,ALDI_GROUP,MIDDLE_EAST_AFRICA,WHOLESALE,CASH_CARRY,PREMIUM,43145.0,710660.0,590337.0,306975.0,283362.0,604033.0,289936.0,1.0232,2024_P11_SNACKS_ALDI_GROUP_MIDDLE_EAST_AFRICA_WHOLESALE_CASH_CARRY_PREMIUM
666,2024,P11,Q4,BEVERAGES,LAWSON_INC,ASIA_PACIFIC,WHOLESALE,CASH_CARRY,VALUE,15209.0,223481.0,180424.0,104646.0,75778.0,177122.0,74391.0,0.9817,2024_P11_BEVERAGES_LAWSON_INC_ASIA_PACIFIC_WHOLESALE_CASH_CARRY_VALUE
667,2024,P11,Q4,BAKERY,TARGET_CORP,NORTH_AMERICA,CONVENIENCE,GAS_STATIONS,VALUE,33537.0,188525.0,137397.0,75568.0,61829.0,144775.0,65149.0,1.0537,2024_P11_BAKERY_TARGET_CORP_NORTH_AMERICA_CONVENIENCE_GAS_STATIONS_VALUE
668,2024,P11,Q4,CONFECTIONERY,CARREFOUR_SA,MIDDLE_EAST_AFRICA,E-COMMERCE,ONLINE_MARKETPLACE,URBAN,39143.0,557118.0,406261.0,195005.0,211256.0,403620.0,209883.0,0.9935,2024_P11_CONFECTIONERY_CARREFOUR_SA_MIDDLE_EAST_AFRICA_E-COMMERCE_ONLINE_MARKETPLACE_URBAN
669,2024,P11,Q4,SNACKS,WALMART_INC,EUROPE,RETAIL,SUPERMARKETS,PREMIUM,54494.0,786932.0,671915.0,349396.0,322519.0,659485.0,316552.0,0.9815,2024_P11_SNACKS_WALMART_INC_EUROPE_RETAIL_SUPERMARKETS_PREMIUM
670,2024,P11,Q4,BEVERAGES,CARREFOUR_SA,MIDDLE_EAST_AFRICA,RETAIL,DISCOUNT_STORES,PREMIUM,23544.0,209185.0,182738.0,105988.0,76750.0,174752.0,73396.0,0.9563,2024_P11_BEVERAGES_CARREFOUR_SA_MIDDLE_EAST_AFRICA_RETAIL_DISCOUNT_STORES_PREMIUM
671,2024,P11,Q4,BEVERAGES,LAWSON_INC,NORTH_AMERICA,E-COMMERCE,ONLINE_MARKETPLACE,SUBURBAN,16865.0,235460.0,182361.0,105769.0,76592.0,170343.0,71545.0,0.9341,2024_P11_BEVERAGES_LAWSON_INC_NORTH_AMERICA_E-COMMERCE_ONLINE_MARKETPLACE_SUBURBAN
672,2024,P11,Q4,BEVERAGES,FAMILY_MART,ASIA_PACIFIC,E-COMMERCE,ONLINE_MARKETPLACE,RURAL,45380.0,650010.0,557665.0,323446.0,234219.0,566811.0,238060.0,1.0164,2024_P11_BEVERAGES_FAMILY_MART_ASIA_PACIFIC_E-COMMERCE_ONLINE_MARKETPLACE_RURAL
673,2024,P11,Q4,DAIRY,METRO_AG,NORTH_AMERICA,E-COMMERCE,MOBILE_APP,URBAN,17999.0,173584.0,151395.0,98407.0,52988.0,161054.0,56369.0,1.0638,2024_P11_DAIRY_METRO_AG_NORTH_AMERICA_E-COMMERCE_MOBILE_APP_URBAN
674,2024,P11,Q4,BAKERY,WOOLWORTHS_GROUP,LATIN_AMERICA,E-COMMERCE,ONLINE_MARKETPLACE,URBAN,46481.0,504509.0,397653.0,218709.0,178944.0,406640.0,182988.0,1.0226,2024_P11_BAKERY_WOOLWORTHS_GROUP_LATIN_AMERICA_E-COMMERCE_ONLINE_MARKETPLACE_URBAN
675,2024,P11,Q4,FROZEN,SEVEN_ELEVEN,MIDDLE_EAST_AFRICA,FOODSERVICE,CATERING,RURAL,52157.0,847110.0,663270.0,411227.0,252043.0,695505.0,264292.0,1.0486,2024_P11_FROZEN_SEVEN_ELEVEN_MIDDLE_EAST_AFRICA_FOODSERVICE_CATERING_RURAL
676,2024,P11,Q4,FROZEN,TESCO_PLC,MIDDLE_EAST_AFRICA,CONVENIENCE,GAS_STATIONS,VALUE,28931.0,239461.0,211930.0,131397.0,80533.0,196883.0,74815.0,0.929,2024_P11_FROZEN_TESCO_PLC_MIDDLE_EAST_AFRICA_CONVENIENCE_GAS_STATIONS_VALUE
677,2024,P11,Q4,DAIRY,LAWSON_INC,LATIN_AMERICA,WHOLESALE,BULK_SALES,SUBURBAN,50357.0,793480.0,666334.0,433117.0,233217.0,622622.0,217918.0,0.9344,2024_P11_DAIRY_LAWSON_INC_LATIN_AMERICA_WHOLESALE_BULK_SALES_SUBURBAN
678,2024,P11,Q4,DAIRY,SEVEN_ELEVEN,NORTH_AMERICA,E-COMMERCE,DIRECT_TO_CONSUMER,URBAN,28346.0,368724.0,297141.0,193142.0,103999.0,280858.0,98300.0,0.9452,2024_P11_DAIRY_SEVEN_ELEVEN_NORTH_AMERICA_E-COMMERCE_DIRECT_TO_CONSUMER_URBAN
679,2024,P12,Q4,DAIRY,Amazon,South Region,Modern Trade,Hypermarket,Hybrid,661.74,1040.57,893.36,510.68,382.68,11.97,5.13,0.0134,2024_P12_DAIRY_Amazon_South Region_Modern Trade_Hypermarket_Hybrid
680,2024,P12,Q4,BEVERAGES,Target,North Region,General Trade,Wholesalers,Online,3271.33,5587.68,4241.39,2517.91,1723.48,57.26,23.27,0.0135,2024_P12_BEVERAGES_Target_North Region_General Trade_Wholesalers_Online
681,2024,P12,Q4,DAIRY,Amazon,West Region,Modern Trade,Hypermarket,Hybrid,1124.72,1926.31,1514.8,888.3,626.5,22.12,9.15,0.0146,2024_P12_DAIRY_Amazon_West Region_Modern Trade_Hypermarket_Hybrid
682,2024,P12,Q4,BAKERY,Kroger,South Region,General Trade,Local Shops,In-store,2573.5,3513.0,2890.69,1809.15,1081.54,39.89,14.93,0.0138,2024_P12_BAKERY_Kroger_South Region_General Trade_Local Shops_In-store
683,2024,P12,Q4,DAIRY,Kroger,East Region,Modern Trade,Hypermarket,Online,1074.11,1532.78,1260.89,834.05,426.84,16.77,5.68,0.0133,2024_P12_DAIRY_Kroger_East Region_Modern Trade_Hypermarket_Online
684,2024,P12,Q4,BEVERAGES,Walmart,East Region,General Trade,Wholesalers,In-store,4176.82,5873.95,4606.22,3073.09,1533.13,67.71,22.54,0.0147,2024_P12_BEVERAGES_Walmart_East Region_General Trade_Wholesalers_In-store
685,2024,P12,Q4,DAIRY,Walmart,West Region,Modern Trade,Supermarket,In-store,1956.56,3013.79,2566.31,1438.68,1127.63,29.51,12.97,0.0115,2024_P12_DAIRY_Walmart_West Region_Modern Trade_Supermarket_In-store
686,2024,P12,Q4,SNACKS,Amazon,South Region,Modern Trade,Supermarket,Hybrid,601.11,850.54,730.04,480.64,249.4,8.76,2.99,0.012,2024_P12_SNACKS_Amazon_South Region_Modern Trade_Supermarket_Hybrid
687,2024,P12,Q4,BAKERY,AMAZON_RETAIL,ASIA_PACIFIC,FOODSERVICE,HOTELS,VALUE,36054.0,191955.0,155201.0,85361.0,69840.0,152609.0,68674.0,0.9833,2024_P12_BAKERY_AMAZON_RETAIL_ASIA_PACIFIC_FOODSERVICE_HOTELS_VALUE
688,2024,P12,Q4,FROZEN,FAMILY_MART,EUROPE,E-COMMERCE,ONLINE_MARKETPLACE,PREMIUM,42719.0,303654.0,222105.0,137705.0,84400.0,217507.0,82653.0,0.9793,2024_P12_FROZEN_FAMILY_MART_EUROPE_E-COMMERCE_ONLINE_MARKETPLACE_PREMIUM
689,2024,P12,Q4,BEVERAGES,SEVEN_ELEVEN,ASIA_PACIFIC,CONVENIENCE,GAS_STATIONS,URBAN,35702.0,308488.0,248227.0,143972.0,104255.0,233631.0,98125.0,0.9412,2024_P12_BEVERAGES_SEVEN_ELEVEN_ASIA_PACIFIC_CONVENIENCE_GAS_STATIONS_URBAN
690,2024,P12,Q4,CONFECTIONERY,SEVEN_ELEVEN,ASIA_PACIFIC,CONVENIENCE,AIRPORT_RETAIL,PREMIUM,37340.0,339324.0,244753.0,117481.0,127272.0,228403.0,118770.0,0.9332,2024_P12_CONFECTIONERY_SEVEN_ELEVEN_ASIA_PACIFIC_CONVENIENCE_AIRPORT_RETAIL_PREMIUM
691,2024,P12,Q4,BEVERAGES,LIDL_STIFTUNG,LATIN_AMERICA,E-COMMERCE,DIRECT_TO_CONSUMER,PREMIUM,30061.0,191730.0,140430.0,81449.0,58981.0,137018.0,57548.0,0.9757,2024_P12_BEVERAGES_LIDL_STIFTUNG_LATIN_AMERICA_E-COMMERCE_DIRECT_TO_CONSUMER_PREMIUM
692,2024,P12,Q4,CONFECTIONERY,AMAZON_RETAIL,NORTH_AMERICA,RETAIL,HYPERMARKETS,VALUE,28881.0,239286.0,200688.0,96330.0,104358.0,204341.0,106257.0,1.0182,2024_P12_CONFECTIONERY_AMAZON_RETAIL_NORTH_AMERICA_RETAIL_HYPERMARKETS_VALUE
693,2024,P12,Q4,SNACKS,WOOLWORTHS_GROUP,LATIN_AMERICA,RETAIL,DISCOUNT_STORES,SUBURBAN,35901.0,289829.0,215608.0,112116.0,103492.0,206897.0,99311.0,0.9596,2024_P12_SNACKS_WOOLWORTHS_GROUP_LATIN_AMERICA_RETAIL_DISCOUNT_STORES_SUBURBAN
694,2024,P12,Q4,CONFECTIONERY,FAMILY_MART,ASIA_PACIFIC,CONVENIENCE,AIRPORT_RETAIL,SUBURBAN,50223.0,687232.0,574582.0,275799.0,298783.0,605437.0,314828.0,1.0537,2024_P12_CONFECTIONERY_FAMILY_MART_ASIA_PACIFIC_CONVENIENCE_AIRPORT_RETAIL_SUBURBAN
695,2024,P12,Q4,SNACKS,METRO_AG,NORTH_AMERICA,CONVENIENCE,GAS_STATIONS,PREMIUM,33967.0,502623.0,422937.0,219927.0,203010.0,423064.0,203071.0,1.0003,2024_P12_SNACKS_METRO_AG_NORTH_AMERICA_CONVENIENCE_GAS_STATIONS_PREMIUM
696,2024,P12,Q4,BEVERAGES,LIDL_STIFTUNG,LATIN_AMERICA,FOODSERVICE,RESTAURANTS,PREMIUM,35591.0,582140.0,430007.0,249404.0,180603.0,467332.0,196279.0,1.0868,2024_P12_BEVERAGES_LIDL_STIFTUNG_LATIN_AMERICA_FOODSERVICE_RESTAURANTS_PREMIUM
697,2024,P12,Q4,CONFECTIONERY,TESCO_PLC,LATIN_AMERICA,E-COMMERCE,DIRECT_TO_CONSUMER,RURAL,35775.0,459795.0,381434.0,183088.0,198346.0,355229.0,184720.0,0.9313,2024_P12_CONFECTIONERY_TESCO_PLC_LATIN_AMERICA_E-COMMERCE_DIRECT_TO_CONSUMER_RURAL
698,2024,P12,Q4,BAKERY,METRO_AG,MIDDLE_EAST_AFRICA,RETAIL,SUPERMARKETS,URBAN,30816.0,469285.0,377529.0,207641.0,169888.0,353141.0,158913.0,0.9354,2024_P12_BAKERY_METRO_AG_MIDDLE_EAST_AFRICA_RETAIL_SUPERMARKETS_URBAN
699,2024,P12,Q4,FROZEN,ALDI_GROUP,MIDDLE_EAST_AFRICA,CONVENIENCE,GAS_STATIONS,RURAL,47445.0,639543.0,553288.0,343039.0,210249.0,563579.0,214160.0,1.0186,2024_P12_FROZEN_ALDI_GROUP_MIDDLE_EAST_AFRICA_CONVENIENCE_GAS_STATIONS_RURAL
700,2024,P12,Q4,FROZEN,CARREFOUR_SA,MIDDLE_EAST_AFRICA,WHOLESALE,DISTRIBUTORS,RURAL,21831.0,106677.0,85028.0,52717.0,32311.0,87409.0,33216.0,1.028,2024_P12_FROZEN_CARREFOUR_SA_MIDDLE_EAST_AFRICA_WHOLESALE_DISTRIBUTORS_RURAL
